Prescott-AZ,2023-11-11T17:58:00-07:00,Clear,62,F
Prescott-AZ,2023-11-11T16:58:00-07:00,Sunny,63,F
Prescott-AZ,2023-11-11T15:58:00-07:00,Sunny,63,F
Prescott-AZ,2023-11-11T14:58:00-07:00,Sunny,63,F
Prescott-AZ,2023-11-11T13:58:00-07:00,Sunny,61,F
Prescott-AZ,2023-11-11T12:58:00-07:00,Sunny,59,F
Prescott-AZ,2023-11-11T11:58:00-07:00,Sunny,54,F
Prescott-AZ,2023-11-11T10:58:00-07:00,Sunny,49,F
Prescott-AZ,2023-11-11T09:58:00-07:00,Sunny,43,F
Prescott-AZ,2023-11-11T08:58:00-07:00,Sunny,35,F
Prescott-AZ,2023-11-11T07:58:00-07:00,Sunny,31,F
Prescott-AZ,2023-11-11T06:58:00-07:00,Clear,31,F
Prescott-AZ,2023-11-11T05:58:00-07:00,Clear,30,F
Prescott-AZ,2023-11-11T04:58:00-07:00,Clear,33,F
Prescott-AZ,2023-11-11T03:58:00-07:00,Clear,32,F
Prescott-AZ,2023-11-11T02:58:00-07:00,Clear,33,F
Prescott-AZ,2023-11-11T01:58:00-07:00,Clear,39,F
Prescott-AZ,2023-11-11T00:58:00-07:00,Clear,38,F
Prescott-AZ,2023-11-11T23:58:00-07:00,Mostly cloudy,38,F
Prescott-AZ,2023-11-11T22:58:00-07:00,Mostly cloudy,40,F
Prescott-AZ,2023-11-12T00:00:00-07:00,Clear,40,F
Prescott-AZ,2023-11-12T01:00:00-07:00,Clear,38,F
Prescott-AZ,2023-11-12T02:00:00-07:00,Mostly clear,36,F
Prescott-AZ,2023-11-12T03:00:00-07:00,Mostly clear,35,F
Prescott-AZ,2023-11-12T04:00:00-07:00,Mostly clear,34,F
Prescott-AZ,2023-11-12T05:00:00-07:00,Mostly clear,32,F
Prescott-AZ,2023-11-12T06:00:00-07:00,Mostly clear,31,F
Prescott-AZ,2023-11-12T07:00:00-07:00,Sunny,34,F
Prescott-AZ,2023-11-12T08:00:00-07:00,Sunny,39,F
Prescott-AZ,2023-11-12T09:00:00-07:00,Sunny,44,F
Prescott-AZ,2023-11-12T10:00:00-07:00,Sunny,51,F
Prescott-AZ,2023-11-12T11:00:00-07:00,Sunny,57,F
Prescott-AZ,2023-11-12T12:00:00-07:00,Sunny,59,F
Prescott-AZ,2023-11-12T13:00:00-07:00,Sunny,62,F
Prescott-AZ,2023-11-12T14:00:00-07:00,Sunny,64,F
Prescott-AZ,2023-11-12T15:00:00-07:00,Sunny,67,F
Prescott-AZ,2023-11-12T16:00:00-07:00,Sunny,69,F
Prescott-AZ,2023-11-12T17:00:00-07:00,Sunny,65,F
Prescott-AZ,2023-11-12T18:00:00-07:00,Clear,60,F
Prescott-AZ,2023-11-12T19:00:00-07:00,Clear,55,F
Prescott-AZ,2023-11-12T20:00:00-07:00,Clear,51,F
Prescott-AZ,2023-11-12T21:00:00-07:00,Clear,48,F
Prescott-AZ,2023-11-12T22:00:00-07:00,Clear,46,F
Prescott-AZ,2023-11-12T23:00:00-07:00,Mostly clear,43,F
Buckeye-AZ,2023-11-11T21:58:00-07:00,Clear,59,F
Buckeye-AZ,2023-11-11T20:58:00-07:00,Clear,63,F
Buckeye-AZ,2023-11-11T19:58:00-07:00,Clear,66,F
Buckeye-AZ,2023-11-11T18:59:00-07:00,Clear,69,F
Buckeye-AZ,2023-11-11T17:58:00-07:00,Clear,73,F
Buckeye-AZ,2023-11-11T16:58:00-07:00,Sunny,76,F
Buckeye-AZ,2023-11-11T15:58:00-07:00,Sunny,78,F
Buckeye-AZ,2023-11-11T14:58:00-07:00,Sunny,78,F
Buckeye-AZ,2023-11-11T13:58:00-07:00,Sunny,77,F
Buckeye-AZ,2023-11-11T12:58:00-07:00,Sunny,76,F
Buckeye-AZ,2023-11-11T11:58:00-07:00,Sunny,75,F
Buckeye-AZ,2023-11-11T10:58:00-07:00,Sunny,69,F
Buckeye-AZ,2023-11-11T09:58:00-07:00,Sunny,67,F
Buckeye-AZ,2023-11-11T08:58:00-07:00,Sunny,59,F
Buckeye-AZ,2023-11-11T07:58:00-07:00,Sunny,48,F
Buckeye-AZ,2023-11-11T06:58:00-07:00,Clear,43,F
Buckeye-AZ,2023-11-11T05:58:00-07:00,Clear,45,F
Buckeye-AZ,2023-11-11T04:58:00-07:00,Clear,47,F
Buckeye-AZ,2023-11-11T03:58:00-07:00,Clear,47,F
Buckeye-AZ,2023-11-11T02:58:00-07:00,Clear,50,F
Buckeye-AZ,2023-11-11T01:58:00-07:00,Clear,45,F
Buckeye-AZ,2023-11-11T00:58:00-07:00,Clear,51,F
Buckeye-AZ,2023-11-11T23:58:00-07:00,Partly cloudy,55,F
Buckeye-AZ,2023-11-11T22:58:00-07:00,Clear,52,F
Buckeye-AZ,2023-11-12T00:00:00-07:00,Clear,57,F
Buckeye-AZ,2023-11-12T01:00:00-07:00,Clear,56,F
Buckeye-AZ,2023-11-12T02:00:00-07:00,Clear,56,F
Buckeye-AZ,2023-11-12T03:00:00-07:00,Clear,55,F
Buckeye-AZ,2023-11-12T04:00:00-07:00,Clear,54,F
Buckeye-AZ,2023-11-12T05:00:00-07:00,Clear,53,F
Buckeye-AZ,2023-11-12T06:00:00-07:00,Clear,52,F
Buckeye-AZ,2023-11-12T07:00:00-07:00,Sunny,53,F
Buckeye-AZ,2023-11-12T08:00:00-07:00,Sunny,57,F
Buckeye-AZ,2023-11-12T09:00:00-07:00,Sunny,62,F
Buckeye-AZ,2023-11-12T10:00:00-07:00,Sunny,68,F
Buckeye-AZ,2023-11-12T11:00:00-07:00,Sunny,72,F
Buckeye-AZ,2023-11-12T12:00:00-07:00,Sunny,78,F
Buckeye-AZ,2023-11-12T13:00:00-07:00,Sunny,80,F
Buckeye-AZ,2023-11-12T14:00:00-07:00,Sunny,82,F
Buckeye-AZ,2023-11-12T15:00:00-07:00,Sunny,83,F
Buckeye-AZ,2023-11-12T16:00:00-07:00,Sunny,81,F
Buckeye-AZ,2023-11-12T17:00:00-07:00,Sunny,78,F
Buckeye-AZ,2023-11-12T18:00:00-07:00,Clear,74,F
Buckeye-AZ,2023-11-12T19:00:00-07:00,Clear,71,F
Buckeye-AZ,2023-11-12T20:00:00-07:00,Clear,68,F
Buckeye-AZ,2023-11-12T21:00:00-07:00,Clear,66,F
Buckeye-AZ,2023-11-12T22:00:00-07:00,Clear,64,F
Buckeye-AZ,2023-11-12T23:00:00-07:00,Clear,63,F
Sedona-AZ,2023-11-11T21:58:00-07:00,Clear,52,F
Sedona-AZ,2023-11-11T20:58:00-07:00,Clear,52,F
Sedona-AZ,2023-11-11T19:58:00-07:00,Clear,54,F
Sedona-AZ,2023-11-11T18:59:00-07:00,Mostly clear,55,F
Sedona-AZ,2023-11-11T17:58:00-07:00,Mostly clear,59,F
Sedona-AZ,2023-11-11T16:58:00-07:00,Mostly clear,63,F
Sedona-AZ,2023-11-11T15:58:00-07:00,Mostly clear,64,F
Sedona-AZ,2023-11-11T14:58:00-07:00,Clear,66,F
Sedona-AZ,2023-11-11T13:58:00-07:00,Clear,64,F
Sedona-AZ,2023-11-11T12:58:00-07:00,Clear,66,F
Sedona-AZ,2023-11-11T11:58:00-07:00,Mostly clear,64,F
Sedona-AZ,2023-11-11T10:58:00-07:00,Mostly clear,59,F
Sedona-AZ,2023-11-11T09:58:00-07:00,Mostly clear,55,F
Sedona-AZ,2023-11-11T08:58:00-07:00,Mostly clear,52,F
Sedona-AZ,2023-11-11T07:58:00-07:00,Clear,46,F
Sedona-AZ,2023-11-11T06:58:00-07:00,Clear,46,F
Sedona-AZ,2023-11-11T05:58:00-07:00,Clear,48,F
Sedona-AZ,2023-11-11T04:58:00-07:00,Mostly clear,48,F
Sedona-AZ,2023-11-11T03:58:00-07:00,Mostly clear,48,F
Sedona-AZ,2023-11-11T02:58:00-07:00,Mostly clear,48,F
Sedona-AZ,2023-11-11T01:58:00-07:00,Mostly clear,48,F
Sedona-AZ,2023-11-11T00:58:00-07:00,Clear,48,F
Sedona-AZ,2023-11-11T23:58:00-07:00,Clear,50,F
Sedona-AZ,2023-11-11T22:58:00-07:00,Clear,50,F
Sedona-AZ,2023-11-12T00:00:00-07:00,Mostly clear,48,F
Sedona-AZ,2023-11-12T01:00:00-07:00,Mostly clear,48,F
Sedona-AZ,2023-11-12T02:00:00-07:00,Mostly clear,47,F
Sedona-AZ,2023-11-12T03:00:00-07:00,Mostly clear,47,F
Sedona-AZ,2023-11-12T04:00:00-07:00,Mostly clear,46,F
Sedona-AZ,2023-11-12T05:00:00-07:00,Mostly clear,46,F
Sedona-AZ,2023-11-12T06:00:00-07:00,Mostly clear,46,F
Sedona-AZ,2023-11-12T07:00:00-07:00,Sunny,47,F
Sedona-AZ,2023-11-12T08:00:00-07:00,Sunny,50,F
Sedona-AZ,2023-11-12T09:00:00-07:00,Sunny,52,F
Sedona-AZ,2023-11-12T10:00:00-07:00,Sunny,59,F
Sedona-AZ,2023-11-12T11:00:00-07:00,Sunny,63,F
Sedona-AZ,2023-11-12T12:00:00-07:00,Sunny,69,F
Sedona-AZ,2023-11-12T13:00:00-07:00,Sunny,70,F
Sedona-AZ,2023-11-12T14:00:00-07:00,Sunny,72,F
Sedona-AZ,2023-11-12T15:00:00-07:00,Sunny,70,F
Sedona-AZ,2023-11-12T16:00:00-07:00,Sunny,68,F
Sedona-AZ,2023-11-12T17:00:00-07:00,Sunny,65,F
Sedona-AZ,2023-11-12T18:00:00-07:00,Clear,62,F
Sedona-AZ,2023-11-12T19:00:00-07:00,Clear,59,F
Sedona-AZ,2023-11-12T20:00:00-07:00,Clear,56,F
Sedona-AZ,2023-11-12T21:00:00-07:00,Clear,55,F
Sedona-AZ,2023-11-12T22:00:00-07:00,Clear,54,F
Sedona-AZ,2023-11-12T23:00:00-07:00,Clear,54,F
Richland-WA,2023-11-10T23:00:00-08:00,Cloudy,47,F
Richland-WA,2023-11-11T00:00:00-08:00,Cloudy,47,F
Richland-WA,2023-11-11T01:00:00-08:00,Cloudy,48,F
Richland-WA,2023-11-11T02:00:00-08:00,Cloudy,47,F
Richland-WA,2023-11-11T03:00:00-08:00,Cloudy,47,F
Richland-WA,2023-11-11T04:00:00-08:00,Cloudy,47,F
Richland-WA,2023-11-11T05:00:00-08:00,Cloudy,47,F
Richland-WA,2023-11-11T06:00:00-08:00,Cloudy,48,F
Richland-WA,2023-11-11T07:00:00-08:00,Cloudy,48,F
Richland-WA,2023-11-11T08:00:00-08:00,Cloudy,51,F
Richland-WA,2023-11-11T09:00:00-08:00,Cloudy,54,F
Richland-WA,2023-11-11T10:00:00-08:00,Cloudy,57,F
Richland-WA,2023-11-11T11:00:00-08:00,Cloudy,58,F
Richland-WA,2023-11-11T12:00:00-08:00,Cloudy,59,F
Richland-WA,2023-11-11T13:00:00-08:00,Partly sunny,60,F
Richland-WA,2023-11-11T14:00:00-08:00,Partly sunny,61,F
Richland-WA,2023-11-11T15:00:00-08:00,Partly sunny,60,F
Richland-WA,2023-11-11T16:00:00-08:00,Partly sunny,58,F
Richland-WA,2023-11-11T17:00:00-08:00,Partly cloudy,55,F
Richland-WA,2023-11-11T18:00:00-08:00,Partly cloudy,53,F
Richland-WA,2023-11-11T19:00:00-08:00,Cloudy,51,F
Richland-WA,2023-11-11T20:00:00-08:00,Cloudy,50,F
Richland-WA,2023-11-11T21:00:00-08:00,Cloudy,48,F
Richland-WA,2023-11-11T22:00:00-08:00,Cloudy,47,F
Richland-WA,2023-11-11T23:00:00-08:00,Cloudy,49,F
Richland-WA,2023-11-12T00:00:00-08:00,Cloudy,48,F
Richland-WA,2023-11-12T01:00:00-08:00,Cloudy,47,F
Richland-WA,2023-11-12T02:00:00-08:00,Cloudy,46,F
Richland-WA,2023-11-12T03:00:00-08:00,Cloudy,46,F
Richland-WA,2023-11-12T04:00:00-08:00,Cloudy,45,F
Richland-WA,2023-11-12T05:00:00-08:00,Cloudy,44,F
Richland-WA,2023-11-12T06:00:00-08:00,Cloudy,43,F
Richland-WA,2023-11-12T07:00:00-08:00,Cloudy,43,F
Richland-WA,2023-11-12T08:00:00-08:00,Cloudy,44,F
Richland-WA,2023-11-12T09:00:00-08:00,Cloudy,47,F
Richland-WA,2023-11-12T10:00:00-08:00,Cloudy,49,F
Richland-WA,2023-11-12T11:00:00-08:00,Cloudy,51,F
Richland-WA,2023-11-12T12:00:00-08:00,Cloudy,52,F
Richland-WA,2023-11-12T13:00:00-08:00,Cloudy,54,F
Richland-WA,2023-11-12T14:00:00-08:00,Cloudy,56,F
Richland-WA,2023-11-12T15:00:00-08:00,Cloudy,54,F
Richland-WA,2023-11-12T16:00:00-08:00,Cloudy,52,F
Richland-WA,2023-11-12T17:00:00-08:00,Cloudy,49,F
Richland-WA,2023-11-12T18:00:00-08:00,Cloudy,47,F
Richland-WA,2023-11-12T19:00:00-08:00,Partly cloudy,45,F
Richland-WA,2023-11-12T20:00:00-08:00,Partly cloudy,44,F
Richland-WA,2023-11-12T21:00:00-08:00,Partly cloudy,44,F
Richland-WA,2023-11-12T22:00:00-08:00,Partly cloudy,44,F
Pullman-WA,2023-11-10T23:00:00-08:00,Cloudy,39,F
Pullman-WA,2023-11-11T00:00:00-08:00,Cloudy,39,F
Pullman-WA,2023-11-11T01:00:00-08:00,Cloudy,40,F
Pullman-WA,2023-11-11T02:00:00-08:00,Cloudy,39,F
Pullman-WA,2023-11-11T03:00:00-08:00,Cloudy,39,F
Pullman-WA,2023-11-11T04:00:00-08:00,Cloudy,39,F
Pullman-WA,2023-11-11T05:00:00-08:00,Cloudy,39,F
Pullman-WA,2023-11-11T06:00:00-08:00,Cloudy,39,F
Pullman-WA,2023-11-11T07:00:00-08:00,Cloudy,40,F
Pullman-WA,2023-11-11T08:00:00-08:00,Cloudy,42,F
Pullman-WA,2023-11-11T09:00:00-08:00,Cloudy,45,F
Pullman-WA,2023-11-11T10:00:00-08:00,Cloudy,47,F
Pullman-WA,2023-11-11T11:00:00-08:00,Cloudy,49,F
Pullman-WA,2023-11-11T12:00:00-08:00,Cloudy,50,F
Pullman-WA,2023-11-11T13:00:00-08:00,Showers,49,F
Pullman-WA,2023-11-11T14:00:00-08:00,Cloudy,48,F
Pullman-WA,2023-11-11T15:00:00-08:00,Cloudy,47,F
Pullman-WA,2023-11-11T16:00:00-08:00,Cloudy,46,F
Pullman-WA,2023-11-11T17:00:00-08:00,Cloudy,44,F
Pullman-WA,2023-11-11T18:00:00-08:00,Cloudy,43,F
Pullman-WA,2023-11-11T19:00:00-08:00,Partly cloudy,42,F
Pullman-WA,2023-11-11T20:00:00-08:00,Partly cloudy,42,F
Pullman-WA,2023-11-11T21:00:00-08:00,Partly cloudy,41,F
Pullman-WA,2023-11-11T22:00:00-08:00,Partly cloudy,41,F
Pullman-WA,2023-11-11T23:00:00-08:00,Partly cloudy,41,F
Pullman-WA,2023-11-12T00:00:00-08:00,Partly cloudy,41,F
Pullman-WA,2023-11-12T01:00:00-08:00,Cloudy,40,F
Pullman-WA,2023-11-12T02:00:00-08:00,Cloudy,39,F
Pullman-WA,2023-11-12T03:00:00-08:00,Cloudy,38,F
Pullman-WA,2023-11-12T04:00:00-08:00,Cloudy,38,F
Pullman-WA,2023-11-12T05:00:00-08:00,Cloudy,38,F
Pullman-WA,2023-11-12T06:00:00-08:00,Cloudy,36,F
Pullman-WA,2023-11-12T07:00:00-08:00,Cloudy,38,F
Pullman-WA,2023-11-12T08:00:00-08:00,Cloudy,40,F
Pullman-WA,2023-11-12T09:00:00-08:00,Cloudy,42,F
Pullman-WA,2023-11-12T10:00:00-08:00,Cloudy,45,F
Pullman-WA,2023-11-12T11:00:00-08:00,Mostly cloudy,47,F
Pullman-WA,2023-11-12T12:00:00-08:00,Intermittent clouds,49,F
Pullman-WA,2023-11-12T13:00:00-08:00,Intermittent clouds,52,F
Pullman-WA,2023-11-12T14:00:00-08:00,Intermittent clouds,51,F
Pullman-WA,2023-11-12T15:00:00-08:00,Intermittent clouds,50,F
Pullman-WA,2023-11-12T16:00:00-08:00,Intermittent clouds,49,F
Pullman-WA,2023-11-12T17:00:00-08:00,Intermittent clouds,48,F
Pullman-WA,2023-11-12T18:00:00-08:00,Mostly cloudy,47,F
Pullman-WA,2023-11-12T19:00:00-08:00,Partly cloudy,47,F
Pullman-WA,2023-11-12T20:00:00-08:00,Partly cloudy,47,F
Pullman-WA,2023-11-12T21:00:00-08:00,Partly cloudy,47,F
Pullman-WA,2023-11-12T22:00:00-08:00,Partly cloudy,47,F
WestWendover-NV,2023-11-10T23:00:00-08:00,Mostly clear,29,F
WestWendover-NV,2023-11-11T00:00:00-08:00,Mostly clear,28,F
WestWendover-NV,2023-11-11T01:00:00-08:00,Mostly clear,28,F
WestWendover-NV,2023-11-11T02:00:00-08:00,Mostly clear,27,F
WestWendover-NV,2023-11-11T03:00:00-08:00,Mostly clear,27,F
WestWendover-NV,2023-11-11T04:00:00-08:00,Partly cloudy,26,F
WestWendover-NV,2023-11-11T05:00:00-08:00,Intermittent clouds,26,F
WestWendover-NV,2023-11-11T06:00:00-08:00,Intermittent clouds,28,F
WestWendover-NV,2023-11-11T07:00:00-08:00,Intermittent clouds,30,F
WestWendover-NV,2023-11-11T08:00:00-08:00,Mostly sunny,33,F
WestWendover-NV,2023-11-11T09:00:00-08:00,Mostly sunny,36,F
WestWendover-NV,2023-11-11T10:00:00-08:00,Sunny,39,F
WestWendover-NV,2023-11-11T11:00:00-08:00,Mostly sunny,42,F
WestWendover-NV,2023-11-11T12:00:00-08:00,Sunny,45,F
WestWendover-NV,2023-11-11T13:00:00-08:00,Mostly sunny,47,F
WestWendover-NV,2023-11-11T14:00:00-08:00,Mostly sunny,47,F
WestWendover-NV,2023-11-11T15:00:00-08:00,Mostly sunny,49,F
WestWendover-NV,2023-11-11T16:00:00-08:00,Sunny,46,F
WestWendover-NV,2023-11-11T17:00:00-08:00,Clear,43,F
WestWendover-NV,2023-11-11T18:00:00-08:00,Clear,40,F
WestWendover-NV,2023-11-11T19:00:00-08:00,Clear,38,F
WestWendover-NV,2023-11-11T20:00:00-08:00,Clear,35,F
WestWendover-NV,2023-11-11T21:00:00-08:00,Clear,33,F
WestWendover-NV,2023-11-11T22:00:00-08:00,Clear,32,F
WestWendover-NV,2023-11-11T23:00:00-08:00,Mostly clear,32,F
WestWendover-NV,2023-11-12T00:00:00-08:00,Clear,31,F
WestWendover-NV,2023-11-12T01:00:00-08:00,Clear,31,F
WestWendover-NV,2023-11-12T02:00:00-08:00,Clear,30,F
WestWendover-NV,2023-11-12T03:00:00-08:00,Mostly clear,30,F
WestWendover-NV,2023-11-12T04:00:00-08:00,Mostly clear,29,F
WestWendover-NV,2023-11-12T05:00:00-08:00,Mostly clear,29,F
WestWendover-NV,2023-11-12T06:00:00-08:00,Mostly clear,29,F
WestWendover-NV,2023-11-12T07:00:00-08:00,Sunny,30,F
WestWendover-NV,2023-11-12T08:00:00-08:00,Sunny,34,F
WestWendover-NV,2023-11-12T09:00:00-08:00,Mostly sunny,37,F
WestWendover-NV,2023-11-12T10:00:00-08:00,Mostly sunny,41,F
WestWendover-NV,2023-11-12T11:00:00-08:00,Sunny,44,F
WestWendover-NV,2023-11-12T12:00:00-08:00,Sunny,46,F
WestWendover-NV,2023-11-12T13:00:00-08:00,Mostly sunny,48,F
WestWendover-NV,2023-11-12T14:00:00-08:00,Mostly sunny,49,F
WestWendover-NV,2023-11-12T15:00:00-08:00,Mostly sunny,51,F
WestWendover-NV,2023-11-12T16:00:00-08:00,Mostly sunny,49,F
WestWendover-NV,2023-11-12T17:00:00-08:00,Mostly clear,46,F
WestWendover-NV,2023-11-12T18:00:00-08:00,Partly cloudy,43,F
WestWendover-NV,2023-11-12T19:00:00-08:00,Partly cloudy,40,F
WestWendover-NV,2023-11-12T20:00:00-08:00,Partly cloudy,38,F
WestWendover-NV,2023-11-12T21:00:00-08:00,Partly cloudy,37,F
WestWendover-NV,2023-11-12T22:00:00-08:00,Partly cloudy,35,F
LosAngeles-CA,2023-11-10T23:00:00-08:00,Clear,56,F
LosAngeles-CA,2023-11-11T00:00:00-08:00,Clear,55,F
LosAngeles-CA,2023-11-11T01:00:00-08:00,Mostly clear,54,F
LosAngeles-CA,2023-11-11T02:00:00-08:00,Mostly clear,53,F
LosAngeles-CA,2023-11-11T03:00:00-08:00,Mostly clear,52,F
LosAngeles-CA,2023-11-11T04:00:00-08:00,Mostly clear,51,F
LosAngeles-CA,2023-11-11T05:00:00-08:00,Mostly clear,51,F
LosAngeles-CA,2023-11-11T06:00:00-08:00,Mostly clear,50,F
LosAngeles-CA,2023-11-11T07:00:00-08:00,Sunny,53,F
LosAngeles-CA,2023-11-11T08:00:00-08:00,Sunny,59,F
LosAngeles-CA,2023-11-11T09:00:00-08:00,Sunny,65,F
LosAngeles-CA,2023-11-11T10:00:00-08:00,Sunny,70,F
LosAngeles-CA,2023-11-11T10:00:00-08:00,Sunny,70,F
LosAngeles-CA,2023-11-11T11:00:00-08:00,Sunny,73,F
LosAngeles-CA,2023-11-11T12:00:00-08:00,Sunny,76,F
LosAngeles-CA,2023-11-11T13:00:00-08:00,Sunny,78,F
LosAngeles-CA,2023-11-11T14:00:00-08:00,Sunny,81,F
LosAngeles-CA,2023-11-11T15:00:00-08:00,Sunny,78,F
LosAngeles-CA,2023-11-11T16:00:00-08:00,Sunny,74,F
LosAngeles-CA,2023-11-11T17:00:00-08:00,Clear,71,F
LosAngeles-CA,2023-11-11T18:00:00-08:00,Clear,67,F
LosAngeles-CA,2023-11-11T19:00:00-08:00,Clear,64,F
LosAngeles-CA,2023-11-11T20:00:00-08:00,Clear,62,F
LosAngeles-CA,2023-11-11T21:00:00-08:00,Clear,60,F
LosAngeles-CA,2023-11-11T23:00:00-08:00,Clear,59,F
LosAngeles-CA,2023-11-12T00:00:00-08:00,Clear,59,F
LosAngeles-CA,2023-11-12T01:00:00-08:00,Clear,58,F
LosAngeles-CA,2023-11-12T02:00:00-08:00,Clear,58,F
LosAngeles-CA,2023-11-12T03:00:00-08:00,Clear,56,F
LosAngeles-CA,2023-11-12T04:00:00-08:00,Clear,56,F
LosAngeles-CA,2023-11-12T05:00:00-08:00,Clear,55,F
LosAngeles-CA,2023-11-12T06:00:00-08:00,Clear,53,F
LosAngeles-CA,2023-11-12T07:00:00-08:00,Sunny,56,F
LosAngeles-CA,2023-11-12T08:00:00-08:00,Sunny,61,F
LosAngeles-CA,2023-11-12T09:00:00-08:00,Sunny,68,F
LosAngeles-CA,2023-11-12T10:00:00-08:00,Sunny,74,F
LosAngeles-CA,2023-11-12T10:00:00-08:00,Sunny,75,F
LosAngeles-CA,2023-11-12T11:00:00-08:00,Sunny,78,F
LosAngeles-CA,2023-11-12T12:00:00-08:00,Sunny,80,F
LosAngeles-CA,2023-11-12T13:00:00-08:00,Sunny,82,F
LosAngeles-CA,2023-11-12T14:00:00-08:00,Sunny,84,F
LosAngeles-CA,2023-11-12T15:00:00-08:00,Sunny,82,F
LosAngeles-CA,2023-11-12T16:00:00-08:00,Mostly sunny,78,F
LosAngeles-CA,2023-11-12T17:00:00-08:00,Mostly clear,75,F
LosAngeles-CA,2023-11-12T18:00:00-08:00,Mostly clear,71,F
LosAngeles-CA,2023-11-12T19:00:00-08:00,Mostly clear,68,F
LosAngeles-CA,2023-11-12T20:00:00-08:00,Mostly clear,65,F
LosAngeles-CA,2023-11-12T21:00:00-08:00,Mostly clear,62,F
SanDiego-CA,2023-11-10T23:00:00-08:00,Mostly clear,55,F
SanDiego-CA,2023-11-11T00:00:00-08:00,Mostly clear,54,F
SanDiego-CA,2023-11-11T01:00:00-08:00,Clear,52,F
SanDiego-CA,2023-11-11T02:00:00-08:00,Clear,51,F
SanDiego-CA,2023-11-11T03:00:00-08:00,Clear,50,F
SanDiego-CA,2023-11-11T04:00:00-08:00,Clear,49,F
SanDiego-CA,2023-11-11T05:00:00-08:00,Clear,48,F
SanDiego-CA,2023-11-11T06:00:00-08:00,Sunny,47,F
SanDiego-CA,2023-11-11T07:00:00-08:00,Sunny,50,F
SanDiego-CA,2023-11-11T08:00:00-08:00,Sunny,57,F
SanDiego-CA,2023-11-11T09:00:00-08:00,Sunny,64,F
SanDiego-CA,2023-11-11T10:00:00-08:00,Sunny,68,F
SanDiego-CA,2023-11-11T11:00:00-08:00,Sunny,72,F
SanDiego-CA,2023-11-11T12:00:00-08:00,Sunny,74,F
SanDiego-CA,2023-11-11T13:00:00-08:00,Mostly sunny,77,F
SanDiego-CA,2023-11-11T14:00:00-08:00,Mostly sunny,76,F
SanDiego-CA,2023-11-11T15:00:00-08:00,Mostly sunny,74,F
SanDiego-CA,2023-11-11T16:00:00-08:00,Mostly clear,72,F
SanDiego-CA,2023-11-11T17:00:00-08:00,Clear,68,F
SanDiego-CA,2023-11-11T18:00:00-08:00,Clear,64,F
SanDiego-CA,2023-11-11T19:00:00-08:00,Clear,61,F
SanDiego-CA,2023-11-11T20:00:00-08:00,Clear,59,F
SanDiego-CA,2023-11-11T21:00:00-08:00,Clear,56,F
SanDiego-CA,2023-11-11T22:00:00-08:00,Clear,55,F
SanDiego-CA,2023-11-11T23:00:00-08:00,Clear,57,F
SanDiego-CA,2023-11-12T00:00:00-08:00,Clear,55,F
SanDiego-CA,2023-11-12T01:00:00-08:00,Clear,54,F
SanDiego-CA,2023-11-12T02:00:00-08:00,Clear,53,F
SanDiego-CA,2023-11-12T03:00:00-08:00,Clear,52,F
SanDiego-CA,2023-11-12T04:00:00-08:00,Clear,51,F
SanDiego-CA,2023-11-12T05:00:00-08:00,Clear,50,F
SanDiego-CA,2023-11-12T06:00:00-08:00,Sunny,49,F
SanDiego-CA,2023-11-12T07:00:00-08:00,Mostly sunny,52,F
SanDiego-CA,2023-11-12T08:00:00-08:00,Mostly sunny,60,F
SanDiego-CA,2023-11-12T09:00:00-08:00,Mostly sunny,67,F
SanDiego-CA,2023-11-12T10:00:00-08:00,Mostly sunny,72,F
SanDiego-CA,2023-11-12T11:00:00-08:00,Sunny,77,F
SanDiego-CA,2023-11-12T12:00:00-08:00,Sunny,78,F
SanDiego-CA,2023-11-12T13:00:00-08:00,Mostly sunny,78,F
SanDiego-CA,2023-11-12T14:00:00-08:00,Mostly sunny,77,F
SanDiego-CA,2023-11-12T15:00:00-08:00,Mostly sunny,76,F
SanDiego-CA,2023-11-12T16:00:00-08:00,Mostly clear,73,F
SanDiego-CA,2023-11-12T17:00:00-08:00,Mostly clear,68,F
SanDiego-CA,2023-11-12T18:00:00-08:00,Mostly clear,65,F
SanDiego-CA,2023-11-12T19:00:00-08:00,Mostly clear,62,F
SanDiego-CA,2023-11-12T20:00:00-08:00,Mostly clear,60,F
SanDiego-CA,2023-11-12T21:00:00-08:00,Mostly clear,58,F
SanDiego-CA,2023-11-12T22:00:00-08:00,Mostly clear,57,F
Newport-OR,2023-11-11T07:00:00+00:00,Mostly clear,39,F
Newport-OR,2023-11-11T08:00:00+00:00,Mostly sunny,42,F
Newport-OR,2023-11-11T09:00:00+00:00,Partly sunny,44,F
Newport-OR,2023-11-11T10:00:00+00:00,Partly sunny,47,F
Newport-OR,2023-11-11T11:00:00+00:00,Mostly sunny,49,F
Newport-OR,2023-11-11T12:00:00+00:00,Mostly sunny,51,F
Newport-OR,2023-11-11T13:00:00+00:00,Partly sunny,53,F
Newport-OR,2023-11-11T14:00:00+00:00,Intermittent clouds,51,F
Newport-OR,2023-11-11T15:00:00+00:00,Cloudy,50,F
Newport-OR,2023-11-11T16:00:00+00:00,Cloudy,48,F
Newport-OR,2023-11-11T17:00:00+00:00,Cloudy,47,F
Newport-OR,2023-11-11T18:00:00+00:00,Mostly cloudy,45,F
Newport-OR,2023-11-11T19:00:00+00:00,Cloudy,45,F
Newport-OR,2023-11-11T20:00:00+00:00,Cloudy,44,F
Newport-OR,2023-11-11T21:00:00+00:00,Cloudy,43,F
Newport-OR,2023-11-11T22:00:00+00:00,Cloudy,44,F
Newport-OR,2023-11-11T23:00:00+00:00,Cloudy,44,F
Newport-OR,2023-11-12T00:00:00+00:00,Cloudy,44,F
Newport-OR,2023-11-12T01:00:00+00:00,Cloudy,44,F
Newport-OR,2023-11-12T02:00:00+00:00,Cloudy,44,F
Newport-OR,2023-11-12T03:00:00+00:00,Cloudy,44,F
Newport-OR,2023-11-12T04:00:00+00:00,Showers,45,F
Newport-OR,2023-11-12T05:00:00+00:00,Showers,45,F
Newport-OR,2023-11-12T06:00:00+00:00,Cloudy,45,F
Newport-OR,2023-11-12T07:00:00+00:00,Rain,42,F
Newport-OR,2023-11-12T08:00:00+00:00,Rain,43,F
Newport-OR,2023-11-12T09:00:00+00:00,Rain,45,F
Newport-OR,2023-11-12T10:00:00+00:00,Rain,46,F
Newport-OR,2023-11-12T11:00:00+00:00,Rain,48,F
Newport-OR,2023-11-12T12:00:00+00:00,Cloudy,49,F
Newport-OR,2023-11-12T13:00:00+00:00,Cloudy,50,F
Newport-OR,2023-11-12T14:00:00+00:00,Cloudy,51,F
Newport-OR,2023-11-12T15:00:00+00:00,Cloudy,53,F
Newport-OR,2023-11-12T16:00:00+00:00,Cloudy,53,F
Newport-OR,2023-11-12T17:00:00+00:00,Cloudy,53,F
Newport-OR,2023-11-12T18:00:00+00:00,Cloudy,54,F
Newport-OR,2023-11-12T19:00:00+00:00,Cloudy,50,F
Newport-OR,2023-11-12T20:00:00+00:00,Cloudy,50,F
Newport-OR,2023-11-12T21:00:00+00:00,Cloudy,50,F
Newport-OR,2023-11-12T22:00:00+00:00,Cloudy,50,F
Newport-OR,2023-11-12T23:00:00+00:00,Rain,50,F
Newport-OR,2023-11-13T00:00:00+00:00,Rain,50,F
Newport-OR,2023-11-13T01:00:00+00:00,Cloudy,51,F
Newport-OR,2023-11-13T02:00:00+00:00,Cloudy,52,F
Newport-OR,2023-11-13T03:00:00+00:00,Cloudy,52,F
Newport-OR,2023-11-13T04:00:00+00:00,Cloudy,52,F
Newport-OR,2023-11-13T05:00:00+00:00,Cloudy,53,F
Newport-OR,2023-11-13T06:00:00+00:00,Cloudy,53,F
Ashland-OR,2023-11-10T23:00:00-08:00,Mostly clear,54,F
Ashland-OR,2023-11-11T00:00:00-08:00,Mostly clear,53,F
Ashland-OR,2023-11-11T01:00:00-08:00,Mostly clear,52,F
Ashland-OR,2023-11-11T02:00:00-08:00,Mostly clear,51,F
Ashland-OR,2023-11-11T03:00:00-08:00,Mostly clear,50,F
Ashland-OR,2023-11-11T04:00:00-08:00,Mostly clear,49,F
Ashland-OR,2023-11-11T05:00:00-08:00,Mostly clear,48,F
Ashland-OR,2023-11-11T06:00:00-08:00,Mostly clear,47,F
Ashland-OR,2023-11-11T07:00:00-08:00,Mostly cloudy,47,F
Ashland-OR,2023-11-11T08:00:00-08:00,Mostly cloudy,49,F
Ashland-OR,2023-11-11T09:00:00-08:00,Mostly cloudy,55,F
Ashland-OR,2023-11-11T10:00:00-08:00,Mostly cloudy,59,F
Ashland-OR,2023-11-11T11:00:00-08:00,Mostly cloudy,64,F
Ashland-OR,2023-11-11T12:00:00-08:00,Mostly cloudy,67,F
Ashland-OR,2023-11-11T13:00:00-08:00,Mostly sunny,69,F
Ashland-OR,2023-11-11T14:00:00-08:00,Mostly sunny,72,F
Ashland-OR,2023-11-11T15:00:00-08:00,Mostly sunny,70,F
Ashland-OR,2023-11-11T16:00:00-08:00,Mostly sunny,68,F
Ashland-OR,2023-11-11T17:00:00-08:00,Mostly sunny,65,F
Ashland-OR,2023-11-11T18:00:00-08:00,Mostly clear,62,F
Ashland-OR,2023-11-11T19:00:00-08:00,Clear,58,F
Ashland-OR,2023-11-11T20:00:00-08:00,Clear,55,F
Ashland-OR,2023-11-11T21:00:00-08:00,Clear,53,F
Ashland-OR,2023-11-11T22:00:00-08:00,Mostly clear,51,F
Ashland-OR,2023-11-11T23:00:00-08:00,Clear,51,F
Ashland-OR,2023-11-12T00:00:00-08:00,Clear,50,F
Ashland-OR,2023-11-12T01:00:00-08:00,Clear,50,F
Ashland-OR,2023-11-12T02:00:00-08:00,Mostly clear,49,F
Ashland-OR,2023-11-12T03:00:00-08:00,Partly cloudy,48,F
Ashland-OR,2023-11-12T04:00:00-08:00,Intermittent clouds,48,F
Ashland-OR,2023-11-12T05:00:00-08:00,Mostly cloudy,47,F
Ashland-OR,2023-11-12T06:00:00-08:00,Mostly cloudy,47,F
Ashland-OR,2023-11-12T07:00:00-08:00,Hazy sunshine,47,F
Ashland-OR,2023-11-12T08:00:00-08:00,Hazy sunshine,49,F
Ashland-OR,2023-11-12T09:00:00-08:00,Hazy sunshine,56,F
Ashland-OR,2023-11-12T10:00:00-08:00,Hazy sunshine,60,F
Ashland-OR,2023-11-12T11:00:00-08:00,Partly sunny,65,F
Ashland-OR,2023-11-12T12:00:00-08:00,Intermittent clouds,69,F
Ashland-OR,2023-11-12T13:00:00-08:00,Intermittent clouds,71,F
Ashland-OR,2023-11-12T14:00:00-08:00,Intermittent clouds,70,F
Ashland-OR,2023-11-12T15:00:00-08:00,Intermittent clouds,69,F
Ashland-OR,2023-11-12T16:00:00-08:00,Intermittent clouds,67,F
Ashland-OR,2023-11-12T17:00:00-08:00,Intermittent clouds,64,F
Ashland-OR,2023-11-12T18:00:00-08:00,Mostly cloudy,61,F
Ashland-OR,2023-11-12T19:00:00-08:00,Intermittent clouds,58,F
Ashland-OR,2023-11-12T20:00:00-08:00,Intermittent clouds,55,F
Ashland-OR,2023-11-12T21:00:00-08:00,Intermittent clouds,54,F
Ashland-OR,2023-11-12T22:00:00-08:00,Intermittent clouds,53,F
Rily-OR,2023-11-11T02:00:00-05:00,Clear,33,F
Rily-OR,2023-11-11T03:00:00-05:00,Clear,32,F
Rily-OR,2023-11-11T04:00:00-05:00,Clear,31,F
Rily-OR,2023-11-11T05:00:00-05:00,Clear,29,F
Rily-OR,2023-11-11T06:00:00-05:00,Clear,28,F
Rily-OR,2023-11-11T07:00:00-05:00,Clear,30,F
Rily-OR,2023-11-11T08:00:00-05:00,Sunny,33,F
Rily-OR,2023-11-11T09:00:00-05:00,Mostly sunny,37,F
Rily-OR,2023-11-11T10:00:00-05:00,Sunny,42,F
Rily-OR,2023-11-11T11:00:00-05:00,Sunny,45,F
Rily-OR,2023-11-11T12:00:00-05:00,Sunny,47,F
Rily-OR,2023-11-11T13:00:00-05:00,Sunny,50,F
Rily-OR,2023-11-11T14:00:00-05:00,Sunny,55,F
Rily-OR,2023-11-11T15:00:00-05:00,Sunny,56,F
Rily-OR,2023-11-11T16:00:00-05:00,Sunny,54,F
Rily-OR,2023-11-11T17:00:00-05:00,Sunny,50,F
Rily-OR,2023-11-11T18:00:00-05:00,Mostly clear,47,F
Rily-OR,2023-11-11T19:00:00-05:00,Partly cloudy,44,F
Rily-OR,2023-11-11T20:00:00-05:00,Partly cloudy,41,F
Rily-OR,2023-11-11T21:00:00-05:00,Partly cloudy,38,F
Rily-OR,2023-11-11T22:00:00-05:00,Partly cloudy,38,F
Rily-OR,2023-11-11T23:00:00-05:00,Partly cloudy,37,F
Rily-OR,2023-11-12T00:00:00-05:00,Partly cloudy,36,F
Rily-OR,2023-11-12T01:00:00-05:00,Partly cloudy,36,F
Rily-OR,2023-11-12T02:00:00-05:00,Intermittent clouds,33,F
Rily-OR,2023-11-12T03:00:00-05:00,Intermittent clouds,32,F
Rily-OR,2023-11-12T04:00:00-05:00,Partly cloudy,32,F
Rily-OR,2023-11-12T05:00:00-05:00,Mostly clear,32,F
Rily-OR,2023-11-12T06:00:00-05:00,Mostly clear,32,F
Rily-OR,2023-11-12T07:00:00-05:00,Mostly clear,33,F
Rily-OR,2023-11-12T08:00:00-05:00,Mostly sunny,35,F
Rily-OR,2023-11-12T09:00:00-05:00,Mostly sunny,40,F
Rily-OR,2023-11-12T10:00:00-05:00,Mostly sunny,45,F
Rily-OR,2023-11-12T11:00:00-05:00,Mostly sunny,50,F
Rily-OR,2023-11-12T12:00:00-05:00,Mostly sunny,53,F
Rily-OR,2023-11-12T13:00:00-05:00,Mostly sunny,56,F
Rily-OR,2023-11-12T14:00:00-05:00,Sunny,58,F
Rily-OR,2023-11-12T15:00:00-05:00,Sunny,61,F
Rily-OR,2023-11-12T16:00:00-05:00,Sunny,58,F
Rily-OR,2023-11-12T17:00:00-05:00,Sunny,56,F
Rily-OR,2023-11-12T18:00:00-05:00,Clear,52,F
Rily-OR,2023-11-12T19:00:00-05:00,Clear,49,F
Rily-OR,2023-11-12T20:00:00-05:00,Clear,46,F
Rily-OR,2023-11-12T21:00:00-05:00,Clear,43,F
Rily-OR,2023-11-12T22:00:00-05:00,Clear,40,F
Rily-OR,2023-11-12T23:00:00-05:00,Clear,39,F
Rily-OR,2023-11-13T00:00:00-05:00,Clear,38,F
Rily-OR,2023-11-13T01:00:00-05:00,Clear,37,F
Seattle-WA,2023-11-10T23:00:00-08:00,Rain,49,F
Seattle-WA,2023-11-11T00:00:00-08:00,Rain,50,F
Seattle-WA,2023-11-11T01:00:00-08:00,Rain,50,F
Seattle-WA,2023-11-11T02:00:00-08:00,Cloudy,51,F
Seattle-WA,2023-11-11T03:00:00-08:00,Cloudy,51,F
Seattle-WA,2023-11-11T04:00:00-08:00,Rain,52,F
Seattle-WA,2023-11-11T05:00:00-08:00,Rain,52,F
Seattle-WA,2023-11-11T06:00:00-08:00,Rain,51,F
Seattle-WA,2023-11-11T07:00:00-08:00,Rain,51,F
Seattle-WA,2023-11-11T08:00:00-08:00,Rain,52,F
Seattle-WA,2023-11-11T09:00:00-08:00,Rain,52,F
Seattle-WA,2023-11-11T10:00:00-08:00,Cloudy,52,F
Seattle-WA,2023-11-11T11:00:00-08:00,Showers,53,F
Seattle-WA,2023-11-11T12:00:00-08:00,Rain,55,F
Seattle-WA,2023-11-11T13:00:00-08:00,Intermittent clouds,54,F
Seattle-WA,2023-11-11T14:00:00-08:00,Mostly cloudy w/ showers,54,F
Seattle-WA,2023-11-11T15:00:00-08:00,Intermittent clouds,53,F
Seattle-WA,2023-11-11T16:00:00-08:00,Intermittent clouds,52,F
Seattle-WA,2023-11-11T17:00:00-08:00,Intermittent clouds,51,F
Seattle-WA,2023-11-11T18:00:00-08:00,Intermittent clouds,50,F
Seattle-WA,2023-11-11T19:00:00-08:00,Cloudy,50,F
Seattle-WA,2023-11-11T20:00:00-08:00,Cloudy,50,F
Seattle-WA,2023-11-11T21:00:00-08:00,Cloudy,49,F
Seattle-WA,2023-11-11T22:00:00-08:00,Cloudy,49,F
Seattle-WA,2023-11-11T23:00:00-08:00,Cloudy,48,F
Seattle-WA,2023-11-12T00:00:00-08:00,Showers,48,F
Seattle-WA,2023-11-12T01:00:00-08:00,Cloudy,48,F
Seattle-WA,2023-11-12T02:00:00-08:00,Cloudy,48,F
Seattle-WA,2023-11-12T03:00:00-08:00,Cloudy,47,F
Seattle-WA,2023-11-12T04:00:00-08:00,Cloudy,47,F
Seattle-WA,2023-11-12T05:00:00-08:00,Cloudy,47,F
Seattle-WA,2023-11-12T06:00:00-08:00,Cloudy,46,F
Seattle-WA,2023-11-12T07:00:00-08:00,Cloudy,45,F
Seattle-WA,2023-11-12T08:00:00-08:00,Cloudy,46,F
Seattle-WA,2023-11-12T09:00:00-08:00,Cloudy,47,F
Seattle-WA,2023-11-12T10:00:00-08:00,Cloudy,49,F
Seattle-WA,2023-11-12T11:00:00-08:00,Cloudy,50,F
Seattle-WA,2023-11-12T12:00:00-08:00,Cloudy,52,F
Seattle-WA,2023-11-12T13:00:00-08:00,Cloudy,54,F
Seattle-WA,2023-11-12T14:00:00-08:00,Cloudy,56,F
Seattle-WA,2023-11-12T15:00:00-08:00,Cloudy,54,F
Seattle-WA,2023-11-12T16:00:00-08:00,Cloudy,53,F
Seattle-WA,2023-11-12T17:00:00-08:00,Rain,53,F
Seattle-WA,2023-11-12T18:00:00-08:00,Rain,51,F
Seattle-WA,2023-11-12T19:00:00-08:00,Cloudy,51,F
Seattle-WA,2023-11-12T20:00:00-08:00,Cloudy,51,F
Seattle-WA,2023-11-12T21:00:00-08:00,Rain,51,F
Seattle-WA,2023-11-12T22:00:00-08:00,Rain,51,F
Spokane-WA,2023-11-10T23:00:00-08:00,Cloudy,37,F
Spokane-WA,2023-11-11T00:00:00-08:00,Cloudy,39,F
Spokane-WA,2023-11-11T01:00:00-08:00,Showers,41,F
Spokane-WA,2023-11-11T02:00:00-08:00,Cloudy,41,F
Spokane-WA,2023-11-11T03:00:00-08:00,Cloudy,41,F
Spokane-WA,2023-11-11T04:00:00-08:00,Cloudy,42,F
Spokane-WA,2023-11-11T05:00:00-08:00,Cloudy,42,F
Spokane-WA,2023-11-11T06:00:00-08:00,Cloudy,42,F
Spokane-WA,2023-11-11T07:00:00-08:00,Cloudy,42,F
Spokane-WA,2023-11-11T08:00:00-08:00,Cloudy,43,F
Spokane-WA,2023-11-11T09:00:00-08:00,Cloudy,45,F
Spokane-WA,2023-11-11T10:00:00-08:00,Cloudy,47,F
Spokane-WA,2023-11-11T11:00:00-08:00,Showers,50,F
Spokane-WA,2023-11-11T12:00:00-08:00,Cloudy,51,F
Spokane-WA,2023-11-11T13:00:00-08:00,Showers,52,F
Spokane-WA,2023-11-11T14:00:00-08:00,Showers,51,F
Spokane-WA,2023-11-11T15:00:00-08:00,Cloudy,50,F
Spokane-WA,2023-11-11T16:00:00-08:00,Cloudy,48,F
Spokane-WA,2023-11-11T17:00:00-08:00,Cloudy,47,F
Spokane-WA,2023-11-11T18:00:00-08:00,Cloudy,46,F
Spokane-WA,2023-11-11T19:00:00-08:00,Intermittent clouds,46,F
Spokane-WA,2023-11-11T20:00:00-08:00,Intermittent clouds,45,F
Spokane-WA,2023-11-11T21:00:00-08:00,Mostly cloudy,44,F
Spokane-WA,2023-11-11T22:00:00-08:00,Cloudy,43,F
Spokane-WA,2023-11-11T23:00:00-08:00,Mostly cloudy,41,F
Spokane-WA,2023-11-12T00:00:00-08:00,Cloudy,41,F
Spokane-WA,2023-11-12T01:00:00-08:00,Cloudy,40,F
Spokane-WA,2023-11-12T02:00:00-08:00,Cloudy,40,F
Spokane-WA,2023-11-12T03:00:00-08:00,Cloudy,40,F
Spokane-WA,2023-11-12T04:00:00-08:00,Cloudy,40,F
Spokane-WA,2023-11-12T05:00:00-08:00,Cloudy,40,F
Spokane-WA,2023-11-12T06:00:00-08:00,Cloudy,39,F
Spokane-WA,2023-11-12T07:00:00-08:00,Cloudy,39,F
Spokane-WA,2023-11-12T08:00:00-08:00,Cloudy,40,F
Spokane-WA,2023-11-12T09:00:00-08:00,Cloudy,40,F
Spokane-WA,2023-11-12T10:00:00-08:00,Cloudy,42,F
Spokane-WA,2023-11-12T11:00:00-08:00,Cloudy,46,F
Spokane-WA,2023-11-12T12:00:00-08:00,Cloudy,47,F
Spokane-WA,2023-11-12T13:00:00-08:00,Cloudy,49,F
Spokane-WA,2023-11-12T14:00:00-08:00,Mostly cloudy,50,F
Spokane-WA,2023-11-12T15:00:00-08:00,Mostly cloudy,49,F
Spokane-WA,2023-11-12T16:00:00-08:00,Cloudy,47,F
Spokane-WA,2023-11-12T17:00:00-08:00,Mostly cloudy,46,F
Spokane-WA,2023-11-12T18:00:00-08:00,Mostly cloudy,44,F
Spokane-WA,2023-11-12T19:00:00-08:00,Partly cloudy,43,F
Spokane-WA,2023-11-12T20:00:00-08:00,Partly cloudy,42,F
Spokane-WA,2023-11-12T21:00:00-08:00,Partly cloudy,42,F
Spokane-WA,2023-11-12T22:00:00-08:00,Partly cloudy,41,F
Tacoma-WA,2023-11-10T23:00:00-08:00,Rain,48,F
Tacoma-WA,2023-11-11T00:00:00-08:00,Showers,49,F
Tacoma-WA,2023-11-11T01:00:00-08:00,Rain,49,F
Tacoma-WA,2023-11-11T02:00:00-08:00,Cloudy,50,F
Tacoma-WA,2023-11-11T03:00:00-08:00,Rain,50,F
Tacoma-WA,2023-11-11T04:00:00-08:00,Cloudy,51,F
Tacoma-WA,2023-11-11T05:00:00-08:00,Rain,51,F
Tacoma-WA,2023-11-11T06:00:00-08:00,Rain,50,F
Tacoma-WA,2023-11-11T07:00:00-08:00,Rain,50,F
Tacoma-WA,2023-11-11T08:00:00-08:00,Rain,51,F
Tacoma-WA,2023-11-11T09:00:00-08:00,Rain,51,F
Tacoma-WA,2023-11-11T10:00:00-08:00,Cloudy,52,F
Tacoma-WA,2023-11-11T11:00:00-08:00,Showers,51,F
Tacoma-WA,2023-11-11T12:00:00-08:00,Cloudy,53,F
Tacoma-WA,2023-11-11T13:00:00-08:00,Intermittent clouds,55,F
Tacoma-WA,2023-11-11T14:00:00-08:00,Intermittent clouds,54,F
Tacoma-WA,2023-11-11T15:00:00-08:00,Mostly cloudy w/ showers,53,F
Tacoma-WA,2023-11-11T16:00:00-08:00,Intermittent clouds,51,F
Tacoma-WA,2023-11-11T17:00:00-08:00,Intermittent clouds,51,F
Tacoma-WA,2023-11-11T18:00:00-08:00,Intermittent clouds,49,F
Tacoma-WA,2023-11-11T19:00:00-08:00,Cloudy,49,F
Tacoma-WA,2023-11-11T20:00:00-08:00,Cloudy,48,F
Tacoma-WA,2023-11-11T21:00:00-08:00,Cloudy,48,F
Tacoma-WA,2023-11-11T22:00:00-08:00,Cloudy,47,F
Tacoma-WA,2023-11-11T23:00:00-08:00,Cloudy,46,F
Tacoma-WA,2023-11-12T00:00:00-08:00,Cloudy,46,F
Tacoma-WA,2023-11-12T01:00:00-08:00,Cloudy,46,F
Tacoma-WA,2023-11-12T02:00:00-08:00,Cloudy,46,F
Tacoma-WA,2023-11-12T03:00:00-08:00,Cloudy,45,F
Tacoma-WA,2023-11-12T04:00:00-08:00,Cloudy,45,F
Tacoma-WA,2023-11-12T05:00:00-08:00,Cloudy,44,F
Tacoma-WA,2023-11-12T06:00:00-08:00,Cloudy,44,F
Tacoma-WA,2023-11-12T07:00:00-08:00,Cloudy,43,F
Tacoma-WA,2023-11-12T08:00:00-08:00,Cloudy,44,F
Tacoma-WA,2023-11-12T09:00:00-08:00,Cloudy,46,F
Tacoma-WA,2023-11-12T10:00:00-08:00,Cloudy,47,F
Tacoma-WA,2023-11-12T11:00:00-08:00,Cloudy,49,F
Tacoma-WA,2023-11-12T12:00:00-08:00,Cloudy,51,F
Tacoma-WA,2023-11-12T13:00:00-08:00,Cloudy,52,F
Tacoma-WA,2023-11-12T14:00:00-08:00,Cloudy,54,F
Tacoma-WA,2023-11-12T15:00:00-08:00,Cloudy,53,F
Tacoma-WA,2023-11-12T16:00:00-08:00,Rain,51,F
Tacoma-WA,2023-11-12T17:00:00-08:00,Cloudy,51,F
Tacoma-WA,2023-11-12T18:00:00-08:00,Rain,50,F
Tacoma-WA,2023-11-12T19:00:00-08:00,Cloudy,49,F
Tacoma-WA,2023-11-12T20:00:00-08:00,Cloudy,49,F
Tacoma-WA,2023-11-12T21:00:00-08:00,Rain,50,F
Tacoma-WA,2023-11-12T22:00:00-08:00,Rain,50,F
Vancouver-WA,2023-11-10T23:00:00-08:00,Cloudy,50,F
Vancouver-WA,2023-11-11T00:00:00-08:00,Cloudy,50,F
Vancouver-WA,2023-11-11T01:00:00-08:00,Cloudy,50,F
Vancouver-WA,2023-11-11T02:00:00-08:00,Cloudy,50,F
Vancouver-WA,2023-11-11T03:00:00-08:00,Cloudy,50,F
Vancouver-WA,2023-11-11T04:00:00-08:00,Cloudy,50,F
Vancouver-WA,2023-11-11T05:00:00-08:00,Rain,51,F
Vancouver-WA,2023-11-11T06:00:00-08:00,Rain,51,F
Vancouver-WA,2023-11-11T07:00:00-08:00,Rain,51,F
Vancouver-WA,2023-11-11T08:00:00-08:00,Rain,51,F
Vancouver-WA,2023-11-11T09:00:00-08:00,Cloudy,51,F
Vancouver-WA,2023-11-11T10:00:00-08:00,Rain,51,F
Vancouver-WA,2023-11-11T11:00:00-08:00,Rain,53,F
Vancouver-WA,2023-11-11T12:00:00-08:00,Rain,55,F
Vancouver-WA,2023-11-11T13:00:00-08:00,Mostly cloudy w/ showers,56,F
Vancouver-WA,2023-11-11T14:00:00-08:00,Intermittent clouds,55,F
Vancouver-WA,2023-11-11T15:00:00-08:00,Intermittent clouds,54,F
Vancouver-WA,2023-11-11T16:00:00-08:00,Intermittent clouds,53,F
Vancouver-WA,2023-11-11T17:00:00-08:00,Intermittent clouds,52,F
Vancouver-WA,2023-11-11T18:00:00-08:00,Intermittent clouds,51,F
Vancouver-WA,2023-11-11T19:00:00-08:00,Cloudy,51,F
Vancouver-WA,2023-11-11T20:00:00-08:00,Cloudy,50,F
Vancouver-WA,2023-11-11T21:00:00-08:00,Cloudy,50,F
Vancouver-WA,2023-11-11T22:00:00-08:00,Cloudy,49,F
Vancouver-WA,2023-11-11T23:00:00-08:00,Cloudy,48,F
Vancouver-WA,2023-11-12T00:00:00-08:00,Cloudy,48,F
Vancouver-WA,2023-11-12T01:00:00-08:00,Cloudy,47,F
Vancouver-WA,2023-11-12T02:00:00-08:00,Cloudy,46,F
Vancouver-WA,2023-11-12T03:00:00-08:00,Cloudy,46,F
Vancouver-WA,2023-11-12T04:00:00-08:00,Cloudy,45,F
Vancouver-WA,2023-11-12T05:00:00-08:00,Cloudy,45,F
Vancouver-WA,2023-11-12T06:00:00-08:00,Cloudy,45,F
Vancouver-WA,2023-11-12T07:00:00-08:00,Cloudy,46,F
Vancouver-WA,2023-11-12T08:00:00-08:00,Cloudy,47,F
Vancouver-WA,2023-11-12T09:00:00-08:00,Cloudy,48,F
Vancouver-WA,2023-11-12T10:00:00-08:00,Cloudy,49,F
Vancouver-WA,2023-11-12T11:00:00-08:00,Cloudy,54,F
Vancouver-WA,2023-11-12T12:00:00-08:00,Cloudy,55,F
Vancouver-WA,2023-11-12T13:00:00-08:00,Cloudy,56,F
Vancouver-WA,2023-11-12T14:00:00-08:00,Cloudy,57,F
Vancouver-WA,2023-11-12T15:00:00-08:00,Cloudy,56,F
Vancouver-WA,2023-11-12T16:00:00-08:00,Cloudy,55,F
Vancouver-WA,2023-11-12T17:00:00-08:00,Rain,54,F
Vancouver-WA,2023-11-12T18:00:00-08:00,Rain,54,F
Vancouver-WA,2023-11-12T19:00:00-08:00,Rain,54,F
Vancouver-WA,2023-11-12T20:00:00-08:00,Cloudy,53,F
Vancouver-WA,2023-11-12T21:00:00-08:00,Cloudy,53,F
Vancouver-WA,2023-11-12T22:00:00-08:00,Rain,52,F
Bellevue-WA,2023-11-10T23:00:00-08:00,Rain,48,F
Bellevue-WA,2023-11-11T00:00:00-08:00,Rain,49,F
Bellevue-WA,2023-11-11T01:00:00-08:00,Cloudy,49,F
Bellevue-WA,2023-11-11T02:00:00-08:00,Rain,50,F
Bellevue-WA,2023-11-11T03:00:00-08:00,Rain,51,F
Bellevue-WA,2023-11-11T04:00:00-08:00,Cloudy,51,F
Bellevue-WA,2023-11-11T05:00:00-08:00,Rain,51,F
Bellevue-WA,2023-11-11T06:00:00-08:00,Rain,51,F
Bellevue-WA,2023-11-11T07:00:00-08:00,Rain,51,F
Bellevue-WA,2023-11-11T08:00:00-08:00,Rain,51,F
Bellevue-WA,2023-11-11T09:00:00-08:00,Rain,51,F
Bellevue-WA,2023-11-11T10:00:00-08:00,Cloudy,52,F
Bellevue-WA,2023-11-11T11:00:00-08:00,Showers,50,F
Bellevue-WA,2023-11-11T12:00:00-08:00,Rain,52,F
Bellevue-WA,2023-11-11T13:00:00-08:00,Intermittent clouds,53,F
Bellevue-WA,2023-11-11T14:00:00-08:00,Intermittent clouds,53,F
Bellevue-WA,2023-11-11T15:00:00-08:00,Mostly cloudy w/ showers,52,F
Bellevue-WA,2023-11-11T16:00:00-08:00,Intermittent clouds,52,F
Bellevue-WA,2023-11-11T17:00:00-08:00,Intermittent clouds,51,F
Bellevue-WA,2023-11-11T18:00:00-08:00,Intermittent clouds,50,F
Bellevue-WA,2023-11-11T19:00:00-08:00,Cloudy,50,F
Bellevue-WA,2023-11-11T20:00:00-08:00,Cloudy,49,F
Bellevue-WA,2023-11-11T21:00:00-08:00,Cloudy,49,F
Bellevue-WA,2023-11-11T22:00:00-08:00,Cloudy,49,F
Bellevue-WA,2023-11-11T23:00:00-08:00,Cloudy,48,F
Bellevue-WA,2023-11-12T00:00:00-08:00,Cloudy,48,F
Bellevue-WA,2023-11-12T01:00:00-08:00,Cloudy,48,F
Bellevue-WA,2023-11-12T02:00:00-08:00,Cloudy,47,F
Bellevue-WA,2023-11-12T03:00:00-08:00,Cloudy,47,F
Bellevue-WA,2023-11-12T04:00:00-08:00,Cloudy,47,F
Bellevue-WA,2023-11-12T05:00:00-08:00,Cloudy,46,F
Bellevue-WA,2023-11-12T06:00:00-08:00,Cloudy,45,F
Bellevue-WA,2023-11-12T07:00:00-08:00,Cloudy,44,F
Bellevue-WA,2023-11-12T08:00:00-08:00,Cloudy,46,F
Bellevue-WA,2023-11-12T09:00:00-08:00,Cloudy,47,F
Bellevue-WA,2023-11-12T10:00:00-08:00,Cloudy,48,F
Bellevue-WA,2023-11-12T11:00:00-08:00,Cloudy,51,F
Bellevue-WA,2023-11-12T12:00:00-08:00,Cloudy,53,F
Bellevue-WA,2023-11-12T13:00:00-08:00,Cloudy,55,F
Bellevue-WA,2023-11-12T14:00:00-08:00,Cloudy,56,F
Bellevue-WA,2023-11-12T15:00:00-08:00,Cloudy,55,F
Bellevue-WA,2023-11-12T16:00:00-08:00,Cloudy,54,F
Bellevue-WA,2023-11-12T17:00:00-08:00,Rain,53,F
Bellevue-WA,2023-11-12T18:00:00-08:00,Rain,51,F
Bellevue-WA,2023-11-12T19:00:00-08:00,Cloudy,50,F
Bellevue-WA,2023-11-12T20:00:00-08:00,Cloudy,51,F
Bellevue-WA,2023-11-12T21:00:00-08:00,Rain,50,F
Bellevue-WA,2023-11-12T22:00:00-08:00,Rain,50,F
Kent-WA,2023-11-10T23:00:00-08:00,Rain,49,F
Kent-WA,2023-11-11T00:00:00-08:00,Showers,50,F
Kent-WA,2023-11-11T01:00:00-08:00,Cloudy,51,F
Kent-WA,2023-11-11T02:00:00-08:00,Rain,51,F
Kent-WA,2023-11-11T03:00:00-08:00,Rain,52,F
Kent-WA,2023-11-11T04:00:00-08:00,Cloudy,52,F
Kent-WA,2023-11-11T05:00:00-08:00,Rain,52,F
Kent-WA,2023-11-11T06:00:00-08:00,Rain,52,F
Kent-WA,2023-11-11T07:00:00-08:00,Rain,52,F
Kent-WA,2023-11-11T08:00:00-08:00,Rain,52,F
Kent-WA,2023-11-11T09:00:00-08:00,Rain,52,F
Kent-WA,2023-11-11T10:00:00-08:00,Rain,53,F
Kent-WA,2023-11-11T11:00:00-08:00,Showers,52,F
Kent-WA,2023-11-11T12:00:00-08:00,Rain,54,F
Kent-WA,2023-11-11T13:00:00-08:00,Intermittent clouds,55,F
Kent-WA,2023-11-11T14:00:00-08:00,Intermittent clouds,55,F
Kent-WA,2023-11-11T15:00:00-08:00,Intermittent clouds,54,F
Kent-WA,2023-11-11T16:00:00-08:00,Mostly cloudy w/ showers,53,F
Kent-WA,2023-11-11T17:00:00-08:00,Intermittent clouds,52,F
Kent-WA,2023-11-11T18:00:00-08:00,Intermittent clouds,51,F
Kent-WA,2023-11-11T19:00:00-08:00,Cloudy,51,F
Kent-WA,2023-11-11T20:00:00-08:00,Cloudy,50,F
Kent-WA,2023-11-11T21:00:00-08:00,Cloudy,50,F
Kent-WA,2023-11-11T22:00:00-08:00,Cloudy,49,F
Kent-WA,2023-11-11T23:00:00-08:00,Cloudy,48,F
Kent-WA,2023-11-12T00:00:00-08:00,Showers,48,F
Kent-WA,2023-11-12T01:00:00-08:00,Cloudy,48,F
Kent-WA,2023-11-12T02:00:00-08:00,Cloudy,48,F
Kent-WA,2023-11-12T03:00:00-08:00,Cloudy,47,F
Kent-WA,2023-11-12T04:00:00-08:00,Cloudy,46,F
Kent-WA,2023-11-12T05:00:00-08:00,Cloudy,46,F
Kent-WA,2023-11-12T06:00:00-08:00,Cloudy,45,F
Kent-WA,2023-11-12T07:00:00-08:00,Cloudy,44,F
Kent-WA,2023-11-12T08:00:00-08:00,Cloudy,46,F
Kent-WA,2023-11-12T09:00:00-08:00,Cloudy,47,F
Kent-WA,2023-11-12T10:00:00-08:00,Cloudy,49,F
Kent-WA,2023-11-12T11:00:00-08:00,Cloudy,52,F
Kent-WA,2023-11-12T12:00:00-08:00,Cloudy,54,F
Kent-WA,2023-11-12T13:00:00-08:00,Cloudy,56,F
Kent-WA,2023-11-12T14:00:00-08:00,Cloudy,57,F
Kent-WA,2023-11-12T15:00:00-08:00,Cloudy,56,F
Kent-WA,2023-11-12T16:00:00-08:00,Cloudy,55,F
Kent-WA,2023-11-12T17:00:00-08:00,Rain,54,F
Kent-WA,2023-11-12T18:00:00-08:00,Rain,53,F
Kent-WA,2023-11-12T19:00:00-08:00,Cloudy,51,F
Kent-WA,2023-11-12T20:00:00-08:00,Cloudy,52,F
Kent-WA,2023-11-12T21:00:00-08:00,Rain,52,F
Kent-WA,2023-11-12T22:00:00-08:00,Rain,51,F
Leavenworth-WA,2023-11-10T23:00:00-08:00,Rain,39,F
Leavenworth-WA,2023-11-11T00:00:00-08:00,Cloudy,39,F
Leavenworth-WA,2023-11-11T01:00:00-08:00,Cloudy,39,F
Leavenworth-WA,2023-11-11T02:00:00-08:00,Rain,39,F
Leavenworth-WA,2023-11-11T03:00:00-08:00,Cloudy,39,F
Leavenworth-WA,2023-11-11T04:00:00-08:00,Cloudy,39,F
Leavenworth-WA,2023-11-11T05:00:00-08:00,Cloudy,39,F
Leavenworth-WA,2023-11-11T06:00:00-08:00,Rain,39,F
Leavenworth-WA,2023-11-11T07:00:00-08:00,Rain,40,F
Leavenworth-WA,2023-11-11T08:00:00-08:00,Rain,41,F
Leavenworth-WA,2023-11-11T09:00:00-08:00,Rain,43,F
Leavenworth-WA,2023-11-11T10:00:00-08:00,Rain,46,F
Leavenworth-WA,2023-11-11T11:00:00-08:00,Rain,45,F
Leavenworth-WA,2023-11-11T12:00:00-08:00,Rain,48,F
Leavenworth-WA,2023-11-11T13:00:00-08:00,Rain,50,F
Leavenworth-WA,2023-11-11T14:00:00-08:00,Rain,49,F
Leavenworth-WA,2023-11-11T15:00:00-08:00,Rain,48,F
Leavenworth-WA,2023-11-11T16:00:00-08:00,Rain,46,F
Leavenworth-WA,2023-11-11T17:00:00-08:00,Rain,45,F
Leavenworth-WA,2023-11-11T18:00:00-08:00,Rain,46,F
Leavenworth-WA,2023-11-11T19:00:00-08:00,Cloudy,45,F
Leavenworth-WA,2023-11-11T20:00:00-08:00,Mostly cloudy,44,F
Leavenworth-WA,2023-11-11T21:00:00-08:00,Mostly cloudy,42,F
Leavenworth-WA,2023-11-11T22:00:00-08:00,Cloudy,41,F
Leavenworth-WA,2023-11-11T23:00:00-08:00,Showers,37,F
Leavenworth-WA,2023-11-12T00:00:00-08:00,Cloudy,37,F
Leavenworth-WA,2023-11-12T01:00:00-08:00,Cloudy,36,F
Leavenworth-WA,2023-11-12T02:00:00-08:00,Cloudy,35,F
Leavenworth-WA,2023-11-12T03:00:00-08:00,Cloudy,35,F
Leavenworth-WA,2023-11-12T04:00:00-08:00,Cloudy,35,F
Leavenworth-WA,2023-11-12T05:00:00-08:00,Cloudy,36,F
Leavenworth-WA,2023-11-12T06:00:00-08:00,Cloudy,36,F
Leavenworth-WA,2023-11-12T07:00:00-08:00,Cloudy,37,F
Leavenworth-WA,2023-11-12T08:00:00-08:00,Cloudy,38,F
Leavenworth-WA,2023-11-12T09:00:00-08:00,Cloudy,40,F
Leavenworth-WA,2023-11-12T10:00:00-08:00,Cloudy,43,F
Leavenworth-WA,2023-11-12T11:00:00-08:00,Cloudy,43,F
Leavenworth-WA,2023-11-12T12:00:00-08:00,Cloudy,45,F
Leavenworth-WA,2023-11-12T13:00:00-08:00,Cloudy,45,F
Leavenworth-WA,2023-11-12T14:00:00-08:00,Cloudy,44,F
Leavenworth-WA,2023-11-12T15:00:00-08:00,Cloudy,44,F
Leavenworth-WA,2023-11-12T16:00:00-08:00,Cloudy,43,F
Leavenworth-WA,2023-11-12T17:00:00-08:00,Cloudy,43,F
Leavenworth-WA,2023-11-12T18:00:00-08:00,Cloudy,43,F
Leavenworth-WA,2023-11-12T19:00:00-08:00,Cloudy,42,F
Leavenworth-WA,2023-11-12T20:00:00-08:00,Cloudy,42,F
Leavenworth-WA,2023-11-12T21:00:00-08:00,Cloudy,41,F
Leavenworth-WA,2023-11-12T22:00:00-08:00,Cloudy,41,F
Yakima-WA,2023-11-10T23:00:00-08:00,Showers,38,F
Yakima-WA,2023-11-11T00:00:00-08:00,Showers,38,F
Yakima-WA,2023-11-11T01:00:00-08:00,Cloudy,39,F
Yakima-WA,2023-11-11T02:00:00-08:00,Cloudy,39,F
Yakima-WA,2023-11-11T03:00:00-08:00,Cloudy,40,F
Yakima-WA,2023-11-11T04:00:00-08:00,Cloudy,41,F
Yakima-WA,2023-11-11T05:00:00-08:00,Mostly cloudy,41,F
Yakima-WA,2023-11-11T06:00:00-08:00,Mostly cloudy,42,F
Yakima-WA,2023-11-11T07:00:00-08:00,Showers,43,F
Yakima-WA,2023-11-11T08:00:00-08:00,Cloudy,45,F
Yakima-WA,2023-11-11T09:00:00-08:00,Showers,48,F
Yakima-WA,2023-11-11T10:00:00-08:00,Showers,51,F
Yakima-WA,2023-11-11T11:00:00-08:00,Rain,55,F
Yakima-WA,2023-11-11T12:00:00-08:00,Cloudy,57,F
Yakima-WA,2023-11-11T13:00:00-08:00,Partly sunny,58,F
Yakima-WA,2023-11-11T14:00:00-08:00,Partly sunny,59,F
Yakima-WA,2023-11-11T15:00:00-08:00,Partly sunny,57,F
Yakima-WA,2023-11-11T16:00:00-08:00,Partly sunny,54,F
Yakima-WA,2023-11-11T17:00:00-08:00,Partly cloudy,51,F
Yakima-WA,2023-11-11T18:00:00-08:00,Partly cloudy,48,F
Yakima-WA,2023-11-11T19:00:00-08:00,Cloudy,45,F
Yakima-WA,2023-11-11T20:00:00-08:00,Cloudy,44,F
Yakima-WA,2023-11-11T21:00:00-08:00,Cloudy,43,F
Yakima-WA,2023-11-11T22:00:00-08:00,Cloudy,43,F
Yakima-WA,2023-11-11T23:00:00-08:00,Intermittent clouds,39,F
Yakima-WA,2023-11-12T00:00:00-08:00,Cloudy,38,F
Yakima-WA,2023-11-12T01:00:00-08:00,Cloudy,38,F
Yakima-WA,2023-11-12T02:00:00-08:00,Cloudy,37,F
Yakima-WA,2023-11-12T03:00:00-08:00,Cloudy,37,F
Yakima-WA,2023-11-12T04:00:00-08:00,Cloudy,36,F
Yakima-WA,2023-11-12T05:00:00-08:00,Cloudy,36,F
Yakima-WA,2023-11-12T06:00:00-08:00,Cloudy,36,F
Yakima-WA,2023-11-12T07:00:00-08:00,Cloudy,36,F
Yakima-WA,2023-11-12T08:00:00-08:00,Cloudy,36,F
Yakima-WA,2023-11-12T09:00:00-08:00,Cloudy,40,F
Yakima-WA,2023-11-12T10:00:00-08:00,Cloudy,43,F
Yakima-WA,2023-11-12T11:00:00-08:00,Mostly cloudy,45,F
Yakima-WA,2023-11-12T12:00:00-08:00,Mostly cloudy,48,F
Yakima-WA,2023-11-12T13:00:00-08:00,Mostly cloudy,50,F
Yakima-WA,2023-11-12T14:00:00-08:00,Mostly cloudy,52,F
Yakima-WA,2023-11-12T15:00:00-08:00,Mostly cloudy,51,F
Yakima-WA,2023-11-12T16:00:00-08:00,Cloudy,48,F
Yakima-WA,2023-11-12T17:00:00-08:00,Cloudy,46,F
Yakima-WA,2023-11-12T18:00:00-08:00,Cloudy,44,F
Yakima-WA,2023-11-12T19:00:00-08:00,Partly cloudy,42,F
Yakima-WA,2023-11-12T20:00:00-08:00,Partly cloudy,41,F
Yakima-WA,2023-11-12T21:00:00-08:00,Partly cloudy,40,F
Yakima-WA,2023-11-12T22:00:00-08:00,Partly cloudy,40,F
Ketchum-ID,2023-11-11T00:00:00-07:00,Intermittent clouds,46,F
Ketchum-ID,2023-11-11T01:00:00-07:00,Partly cloudy,50,F
Ketchum-ID,2023-11-11T02:00:00-07:00,Partly cloudy,46,F
Ketchum-ID,2023-11-11T03:00:00-07:00,Partly cloudy,42,F
Ketchum-ID,2023-11-11T04:00:00-07:00,Partly cloudy,38,F
Ketchum-ID,2023-11-11T05:00:00-07:00,Partly cloudy,34,F
Ketchum-ID,2023-11-11T06:00:00-07:00,Partly cloudy,35,F
Ketchum-ID,2023-11-11T07:00:00-07:00,Intermittent clouds,33,F
Ketchum-ID,2023-11-11T08:00:00-07:00,Intermittent clouds,33,F
Ketchum-ID,2023-11-11T09:00:00-07:00,Intermittent clouds,33,F
Ketchum-ID,2023-11-11T10:00:00-07:00,Intermittent clouds,33,F
Ketchum-ID,2023-11-11T11:00:00-07:00,Intermittent clouds,32,F
Ketchum-ID,2023-11-11T12:00:00-07:00,Intermittent clouds,32,F
Ketchum-ID,2023-11-11T13:00:00-07:00,Partly cloudy,50,F
Ketchum-ID,2023-11-11T14:00:00-07:00,Partly cloudy,46,F
Ketchum-ID,2023-11-11T15:00:00-07:00,Partly cloudy,42,F
Ketchum-ID,2023-11-11T16:00:00-07:00,Partly cloudy,38,F
Ketchum-ID,2023-11-11T17:00:00-07:00,Partly cloudy,34,F
Ketchum-ID,2023-11-11T18:00:00-07:00,Partly cloudy,35,F
Ketchum-ID,2023-11-11T19:00:00-07:00,Intermittent clouds,33,F
Ketchum-ID,2023-11-11T20:00:00-07:00,Intermittent clouds,33,F
Ketchum-ID,2023-11-11T21:00:00-07:00,Intermittent clouds,33,F
Ketchum-ID,2023-11-11T22:00:00-07:00,Intermittent clouds,33,F
Ketchum-ID,2023-11-11T23:00:00-07:00,Intermittent clouds,32,F
Ketchum-ID,2023-11-12T00:00:00-07:00,Intermittent clouds,32,F
Ketchum-ID,2023-11-12T01:00:00-07:00,Partly cloudy,50,F
Ketchum-ID,2023-11-12T02:00:00-07:00,Partly cloudy,46,F
Ketchum-ID,2023-11-12T03:00:00-07:00,Partly cloudy,42,F
Ketchum-ID,2023-11-12T04:00:00-07:00,Partly cloudy,38,F
Ketchum-ID,2023-11-12T05:00:00-07:00,Partly cloudy,34,F
Ketchum-ID,2023-11-12T06:00:00-07:00,Partly cloudy,35,F
Ketchum-ID,2023-11-12T07:00:00-07:00,Intermittent clouds,33,F
Ketchum-ID,2023-11-12T08:00:00-07:00,Intermittent clouds,33,F
Ketchum-ID,2023-11-12T09:00:00-07:00,Intermittent clouds,33,F
Ketchum-ID,2023-11-12T10:00:00-07:00,Intermittent clouds,33,F
Ketchum-ID,2023-11-12T11:00:00-07:00,Intermittent clouds,32,F
Ketchum-ID,2023-11-12T12:00:00-07:00,Intermittent clouds,32,F
Ketchum-ID,2023-11-12T13:00:00-07:00,Partly cloudy,50,F
Ketchum-ID,2023-11-12T14:00:00-07:00,Partly cloudy,46,F
Ketchum-ID,2023-11-12T15:00:00-07:00,Partly cloudy,42,F
Ketchum-ID,2023-11-12T16:00:00-07:00,Partly cloudy,38,F
Ketchum-ID,2023-11-12T17:00:00-07:00,Partly cloudy,34,F
Ketchum-ID,2023-11-12T18:00:00-07:00,Partly cloudy,35,F
Ketchum-ID,2023-11-12T19:00:00-07:00,Intermittent clouds,33,F
Ketchum-ID,2023-11-12T20:00:00-07:00,Intermittent clouds,33,F
Ketchum-ID,2023-11-12T21:00:00-07:00,Intermittent clouds,33,F
Ketchum-ID,2023-11-12T22:00:00-07:00,Intermittent clouds,33,F
Ketchum-ID,2023-11-12T23:00:00-07:00,Intermittent clouds,32,F
Chilly-ID,2023-11-11T00:00:00-07:00,Partly cloudy,46,F
Chilly-ID,2023-11-11T01:00:00-07:00,Partly cloudy,43,F
Chilly-ID,2023-11-11T02:00:00-07:00,Partly cloudy,41,F
Chilly-ID,2023-11-11T03:00:00-07:00,Partly cloudy,40,F
Chilly-ID,2023-11-11T04:00:00-07:00,Partly cloudy,38,F
Chilly-ID,2023-11-11T05:00:00-07:00,Partly cloudy,37,F
Chilly-ID,2023-11-11T06:00:00-07:00,Partly cloudy,37,F
Chilly-ID,2023-11-11T07:00:00-07:00,Partly cloudy,37,F
Chilly-ID,2023-11-11T08:00:00-07:00,Intermittent clouds,38,F
Chilly-ID,2023-11-11T09:00:00-07:00,Intermittent clouds,37,F
Chilly-ID,2023-11-11T10:00:00-07:00,Intermittent clouds,37,F
Chilly-ID,2023-11-11T11:00:00-07:00,Intermittent clouds,37,F
Chilly-ID,2023-11-11T12:00:00-07:00,Partly cloudy,46,F
Chilly-ID,2023-11-11T13:00:00-07:00,Partly cloudy,43,F
Chilly-ID,2023-11-11T14:00:00-07:00,Partly cloudy,41,F
Chilly-ID,2023-11-11T15:00:00-07:00,Partly cloudy,40,F
Chilly-ID,2023-11-11T16:00:00-07:00,Partly cloudy,38,F
Chilly-ID,2023-11-11T17:00:00-07:00,Partly cloudy,37,F
Chilly-ID,2023-11-11T18:00:00-07:00,Partly cloudy,37,F
Chilly-ID,2023-11-11T19:00:00-07:00,Partly cloudy,37,F
Chilly-ID,2023-11-11T20:00:00-07:00,Intermittent clouds,38,F
Chilly-ID,2023-11-11T21:00:00-07:00,Intermittent clouds,37,F
Chilly-ID,2023-11-11T22:00:00-07:00,Intermittent clouds,37,F
Chilly-ID,2023-11-11T23:00:00-07:00,Intermittent clouds,37,F
Chilly-ID,2023-11-12T00:00:00-07:00,Partly cloudy,46,F
Chilly-ID,2023-11-12T01:00:00-07:00,Partly cloudy,43,F
Chilly-ID,2023-11-12T02:00:00-07:00,Partly cloudy,41,F
Chilly-ID,2023-11-12T03:00:00-07:00,Partly cloudy,40,F
Chilly-ID,2023-11-12T04:00:00-07:00,Partly cloudy,38,F
Chilly-ID,2023-11-12T05:00:00-07:00,Partly cloudy,37,F
Chilly-ID,2023-11-12T06:00:00-07:00,Partly cloudy,37,F
Chilly-ID,2023-11-12T07:00:00-07:00,Partly cloudy,37,F
Chilly-ID,2023-11-12T08:00:00-07:00,Intermittent clouds,38,F
Chilly-ID,2023-11-12T09:00:00-07:00,Intermittent clouds,37,F
Chilly-ID,2023-11-12T10:00:00-07:00,Intermittent clouds,37,F
Chilly-ID,2023-11-12T11:00:00-07:00,Intermittent clouds,37,F
Chilly-ID,2023-11-12T12:00:00-07:00,Partly cloudy,46,F
Chilly-ID,2023-11-12T13:00:00-07:00,Partly cloudy,43,F
Chilly-ID,2023-11-12T14:00:00-07:00,Partly cloudy,41,F
Chilly-ID,2023-11-12T15:00:00-07:00,Partly cloudy,40,F
Chilly-ID,2023-11-12T16:00:00-07:00,Partly cloudy,38,F
Chilly-ID,2023-11-12T17:00:00-07:00,Partly cloudy,37,F
Chilly-ID,2023-11-12T18:00:00-07:00,Partly cloudy,37,F
Chilly-ID,2023-11-12T19:00:00-07:00,Partly cloudy,37,F
Chilly-ID,2023-11-12T20:00:00-07:00,Intermittent clouds,38,F
Chilly-ID,2023-11-12T21:00:00-07:00,Intermittent clouds,37,F
Chilly-ID,2023-11-12T22:00:00-07:00,Intermittent clouds,37,F
Chilly-ID,2023-11-12T23:00:00-07:00,Intermittent clouds,37,F
May-ID,2023-11-11T00:00:00-07:00,Intermittent clouds,51,F
May-ID,2023-11-11T01:00:00-07:00,Partly cloudy,46,F
May-ID,2023-11-11T02:00:00-07:00,Partly cloudy,41,F
May-ID,2023-11-11T03:00:00-07:00,Partly cloudy,39,F
May-ID,2023-11-11T04:00:00-07:00,Partly cloudy,37,F
May-ID,2023-11-11T05:00:00-07:00,Partly cloudy,36,F
May-ID,2023-11-11T06:00:00-07:00,Partly cloudy,35,F
May-ID,2023-11-11T07:00:00-07:00,Partly cloudy,34,F
May-ID,2023-11-11T08:00:00-07:00,Partly cloudy,34,F
May-ID,2023-11-11T09:00:00-07:00,Partly cloudy,33,F
May-ID,2023-11-11T10:00:00-07:00,Partly cloudy,32,F
May-ID,2023-11-11T11:00:00-07:00,Intermittent clouds,32,F
May-ID,2023-11-11T12:00:00-07:00,Intermittent clouds,51,F
May-ID,2023-11-11T13:00:00-07:00,Partly cloudy,46,F
May-ID,2023-11-11T14:00:00-07:00,Partly cloudy,41,F
May-ID,2023-11-11T15:00:00-07:00,Partly cloudy,39,F
May-ID,2023-11-11T16:00:00-07:00,Partly cloudy,37,F
May-ID,2023-11-11T17:00:00-07:00,Partly cloudy,36,F
May-ID,2023-11-11T18:00:00-07:00,Partly cloudy,35,F
May-ID,2023-11-11T19:00:00-07:00,Partly cloudy,34,F
May-ID,2023-11-11T20:00:00-07:00,Partly cloudy,34,F
May-ID,2023-11-11T21:00:00-07:00,Partly cloudy,33,F
May-ID,2023-11-11T22:00:00-07:00,Partly cloudy,32,F
May-ID,2023-11-11T23:00:00-07:00,Intermittent clouds,32,F
May-ID,2023-11-12T00:00:00-07:00,Intermittent clouds,51,F
May-ID,2023-11-12T01:00:00-07:00,Partly cloudy,46,F
May-ID,2023-11-12T02:00:00-07:00,Partly cloudy,41,F
May-ID,2023-11-12T03:00:00-07:00,Partly cloudy,39,F
May-ID,2023-11-12T04:00:00-07:00,Partly cloudy,37,F
May-ID,2023-11-12T05:00:00-07:00,Partly cloudy,36,F
May-ID,2023-11-12T06:00:00-07:00,Partly cloudy,35,F
May-ID,2023-11-12T07:00:00-07:00,Partly cloudy,34,F
May-ID,2023-11-12T08:00:00-07:00,Partly cloudy,34,F
May-ID,2023-11-12T09:00:00-07:00,Partly cloudy,33,F
May-ID,2023-11-12T10:00:00-07:00,Partly cloudy,32,F
May-ID,2023-11-12T11:00:00-07:00,Intermittent clouds,32,F
May-ID,2023-11-12T12:00:00-07:00,Intermittent clouds,51,F
May-ID,2023-11-12T13:00:00-07:00,Partly cloudy,46,F
May-ID,2023-11-12T14:00:00-07:00,Partly cloudy,41,F
May-ID,2023-11-12T15:00:00-07:00,Partly cloudy,39,F
May-ID,2023-11-12T16:00:00-07:00,Partly cloudy,37,F
May-ID,2023-11-12T17:00:00-07:00,Partly cloudy,36,F
May-ID,2023-11-12T18:00:00-07:00,Partly cloudy,35,F
May-ID,2023-11-12T19:00:00-07:00,Partly cloudy,34,F
May-ID,2023-11-12T20:00:00-07:00,Partly cloudy,34,F
May-ID,2023-11-12T21:00:00-07:00,Partly cloudy,33,F
May-ID,2023-11-12T22:00:00-07:00,Partly cloudy,32,F
May-ID,2023-11-12T23:00:00-07:00,Intermittent clouds,32,F
Donnelly-ID,2023-11-11T00:00:00-07:00,Mostly cloudy,49,F
Donnelly-ID,2023-11-11T01:00:00-07:00,Mostly clear,44,F
Donnelly-ID,2023-11-11T02:00:00-07:00,Mostly clear,40,F
Donnelly-ID,2023-11-11T03:00:00-07:00,Mostly clear,38,F
Donnelly-ID,2023-11-11T04:00:00-07:00,Mostly clear,37,F
Donnelly-ID,2023-11-11T05:00:00-07:00,Mostly clear,36,F
Donnelly-ID,2023-11-11T06:00:00-07:00,Mostly clear,35,F
Donnelly-ID,2023-11-11T07:00:00-07:00,Intermittent clouds,35,F
Donnelly-ID,2023-11-11T08:00:00-07:00,Intermittent clouds,35,F
Donnelly-ID,2023-11-11T09:00:00-07:00,Intermittent clouds,35,F
Donnelly-ID,2023-11-11T10:00:00-07:00,Intermittent clouds,33,F
Donnelly-ID,2023-11-11T11:00:00-07:00,Intermittent clouds,31,F
Donnelly-ID,2023-11-11T12:00:00-07:00,Mostly cloudy,49,F
Donnelly-ID,2023-11-11T13:00:00-07:00,Mostly clear,44,F
Donnelly-ID,2023-11-11T14:00:00-07:00,Mostly clear,40,F
Donnelly-ID,2023-11-11T15:00:00-07:00,Mostly clear,38,F
Donnelly-ID,2023-11-11T16:00:00-07:00,Mostly clear,37,F
Donnelly-ID,2023-11-11T17:00:00-07:00,Mostly clear,36,F
Donnelly-ID,2023-11-11T18:00:00-07:00,Mostly clear,35,F
Donnelly-ID,2023-11-11T19:00:00-07:00,Intermittent clouds,35,F
Donnelly-ID,2023-11-11T20:00:00-07:00,Intermittent clouds,35,F
Donnelly-ID,2023-11-11T21:00:00-07:00,Intermittent clouds,35,F
Donnelly-ID,2023-11-11T22:00:00-07:00,Intermittent clouds,33,F
Donnelly-ID,2023-11-11T23:00:00-07:00,Intermittent clouds,31,F
Donnelly-ID,2023-11-12T00:00:00-07:00,Mostly cloudy,49,F
Donnelly-ID,2023-11-12T01:00:00-07:00,Mostly clear,44,F
Donnelly-ID,2023-11-12T02:00:00-07:00,Mostly clear,40,F
Donnelly-ID,2023-11-12T03:00:00-07:00,Mostly clear,38,F
Donnelly-ID,2023-11-12T04:00:00-07:00,Mostly clear,37,F
Donnelly-ID,2023-11-12T05:00:00-07:00,Mostly clear,36,F
Donnelly-ID,2023-11-12T06:00:00-07:00,Mostly clear,35,F
Donnelly-ID,2023-11-12T07:00:00-07:00,Intermittent clouds,35,F
Donnelly-ID,2023-11-12T08:00:00-07:00,Intermittent clouds,35,F
Donnelly-ID,2023-11-12T09:00:00-07:00,Intermittent clouds,35,F
Donnelly-ID,2023-11-12T10:00:00-07:00,Intermittent clouds,33,F
Donnelly-ID,2023-11-12T11:00:00-07:00,Intermittent clouds,31,F
Donnelly-ID,2023-11-12T12:00:00-07:00,Mostly cloudy,49,F
Donnelly-ID,2023-11-12T13:00:00-07:00,Mostly clear,44,F
Donnelly-ID,2023-11-12T14:00:00-07:00,Mostly clear,40,F
Donnelly-ID,2023-11-12T15:00:00-07:00,Mostly clear,38,F
Donnelly-ID,2023-11-12T16:00:00-07:00,Mostly clear,37,F
Donnelly-ID,2023-11-12T17:00:00-07:00,Mostly clear,36,F
Donnelly-ID,2023-11-12T18:00:00-07:00,Mostly clear,35,F
Donnelly-ID,2023-11-12T19:00:00-07:00,Intermittent clouds,35,F
Donnelly-ID,2023-11-12T20:00:00-07:00,Intermittent clouds,35,F
Donnelly-ID,2023-11-12T21:00:00-07:00,Intermittent clouds,35,F
Donnelly-ID,2023-11-12T22:00:00-07:00,Intermittent clouds,33,F
Donnelly-ID,2023-11-12T23:00:00-07:00,Intermittent clouds,31,F
Buhl-ID,2023-11-11T00:00:00-07:00,Intermittent clouds,55,F
Buhl-ID,2023-11-11T01:00:00-07:00,Cloudy,51,F
Buhl-ID,2023-11-11T02:00:00-07:00,Cloudy,49,F
Buhl-ID,2023-11-11T03:00:00-07:00,Cloudy,46,F
Buhl-ID,2023-11-11T04:00:00-07:00,Cloudy,44,F
Buhl-ID,2023-11-11T05:00:00-07:00,Cloudy,44,F
Buhl-ID,2023-11-11T06:00:00-07:00,Cloudy,45,F
Buhl-ID,2023-11-11T07:00:00-07:00,Cloudy,45,F
Buhl-ID,2023-11-11T08:00:00-07:00,Cloudy,45,F
Buhl-ID,2023-11-11T09:00:00-07:00,Cloudy,46,F
Buhl-ID,2023-11-11T10:00:00-07:00,Cloudy,45,F
Buhl-ID,2023-11-11T11:00:00-07:00,Cloudy,46,F
Buhl-ID,2023-11-11T12:00:00-07:00,Intermittent clouds,55,F
Buhl-ID,2023-11-11T13:00:00-07:00,Cloudy,51,F
Buhl-ID,2023-11-11T14:00:00-07:00,Cloudy,49,F
Buhl-ID,2023-11-11T15:00:00-07:00,Cloudy,46,F
Buhl-ID,2023-11-11T16:00:00-07:00,Cloudy,44,F
Buhl-ID,2023-11-11T17:00:00-07:00,Cloudy,44,F
Buhl-ID,2023-11-11T18:00:00-07:00,Cloudy,45,F
Buhl-ID,2023-11-11T19:00:00-07:00,Cloudy,45,F
Buhl-ID,2023-11-11T20:00:00-07:00,Cloudy,45,F
Buhl-ID,2023-11-11T21:00:00-07:00,Cloudy,46,F
Buhl-ID,2023-11-11T22:00:00-07:00,Cloudy,45,F
Buhl-ID,2023-11-11T23:00:00-07:00,Cloudy,46,F
Buhl-ID,2023-11-12T00:00:00-07:00,Intermittent clouds,55,F
Buhl-ID,2023-11-12T01:00:00-07:00,Cloudy,51,F
Buhl-ID,2023-11-12T02:00:00-07:00,Cloudy,49,F
Buhl-ID,2023-11-12T03:00:00-07:00,Cloudy,46,F
Buhl-ID,2023-11-12T04:00:00-07:00,Cloudy,44,F
Buhl-ID,2023-11-12T05:00:00-07:00,Cloudy,44,F
Buhl-ID,2023-11-12T06:00:00-07:00,Cloudy,45,F
Buhl-ID,2023-11-12T07:00:00-07:00,Cloudy,45,F
Buhl-ID,2023-11-12T08:00:00-07:00,Cloudy,45,F
Buhl-ID,2023-11-12T09:00:00-07:00,Cloudy,46,F
Buhl-ID,2023-11-12T10:00:00-07:00,Cloudy,45,F
Buhl-ID,2023-11-12T11:00:00-07:00,Cloudy,46,F
Buhl-ID,2023-11-12T12:00:00-07:00,Intermittent clouds,55,F
Buhl-ID,2023-11-12T13:00:00-07:00,Cloudy,51,F
Buhl-ID,2023-11-12T14:00:00-07:00,Cloudy,49,F
Buhl-ID,2023-11-12T15:00:00-07:00,Cloudy,46,F
Buhl-ID,2023-11-12T16:00:00-07:00,Cloudy,44,F
Buhl-ID,2023-11-12T17:00:00-07:00,Cloudy,44,F
Buhl-ID,2023-11-12T18:00:00-07:00,Cloudy,45,F
Buhl-ID,2023-11-12T19:00:00-07:00,Cloudy,45,F
Buhl-ID,2023-11-12T20:00:00-07:00,Cloudy,45,F
Buhl-ID,2023-11-12T21:00:00-07:00,Cloudy,46,F
Buhl-ID,2023-11-12T22:00:00-07:00,Cloudy,45,F
Buhl-ID,2023-11-12T23:00:00-07:00,Cloudy,46,F
Kamiah-ID,2023-11-11T00:00:00-07:00,Showers,46,F
Kamiah-ID,2023-11-11T01:00:00-07:00,Cloudy,46,F
Kamiah-ID,2023-11-11T02:00:00-07:00,Rain,48,F
Kamiah-ID,2023-11-11T03:00:00-07:00,Rain,47,F
Kamiah-ID,2023-11-11T04:00:00-07:00,Cloudy,47,F
Kamiah-ID,2023-11-11T05:00:00-07:00,Cloudy,46,F
Kamiah-ID,2023-11-11T06:00:00-07:00,Cloudy,45,F
Kamiah-ID,2023-11-11T07:00:00-07:00,Cloudy,45,F
Kamiah-ID,2023-11-11T08:00:00-07:00,Mostly cloudy,44,F
Kamiah-ID,2023-11-11T09:00:00-07:00,Intermittent clouds,43,F
Kamiah-ID,2023-11-11T10:00:00-07:00,Intermittent clouds,43,F
Kamiah-ID,2023-11-11T11:00:00-07:00,Intermittent clouds,42,F
Kamiah-ID,2023-11-11T12:00:00-07:00,Showers,46,F
Kamiah-ID,2023-11-11T13:00:00-07:00,Cloudy,46,F
Kamiah-ID,2023-11-11T14:00:00-07:00,Rain,48,F
Kamiah-ID,2023-11-11T15:00:00-07:00,Rain,47,F
Kamiah-ID,2023-11-11T16:00:00-07:00,Cloudy,47,F
Kamiah-ID,2023-11-11T17:00:00-07:00,Cloudy,46,F
Kamiah-ID,2023-11-11T18:00:00-07:00,Cloudy,45,F
Kamiah-ID,2023-11-11T19:00:00-07:00,Cloudy,45,F
Kamiah-ID,2023-11-11T20:00:00-07:00,Mostly cloudy,44,F
Kamiah-ID,2023-11-11T21:00:00-07:00,Intermittent clouds,43,F
Kamiah-ID,2023-11-11T22:00:00-07:00,Intermittent clouds,43,F
Kamiah-ID,2023-11-11T23:00:00-07:00,Intermittent clouds,42,F
Kamiah-ID,2023-11-12T00:00:00-07:00,Showers,46,F
Kamiah-ID,2023-11-12T01:00:00-07:00,Cloudy,46,F
Kamiah-ID,2023-11-12T02:00:00-07:00,Rain,48,F
Kamiah-ID,2023-11-12T03:00:00-07:00,Rain,47,F
Kamiah-ID,2023-11-12T04:00:00-07:00,Cloudy,47,F
Kamiah-ID,2023-11-12T05:00:00-07:00,Cloudy,46,F
Kamiah-ID,2023-11-12T06:00:00-07:00,Cloudy,45,F
Kamiah-ID,2023-11-12T07:00:00-07:00,Cloudy,45,F
Kamiah-ID,2023-11-12T08:00:00-07:00,Mostly cloudy,44,F
Kamiah-ID,2023-11-12T09:00:00-07:00,Intermittent clouds,43,F
Kamiah-ID,2023-11-12T10:00:00-07:00,Intermittent clouds,43,F
Kamiah-ID,2023-11-12T11:00:00-07:00,Intermittent clouds,42,F
Kamiah-ID,2023-11-12T12:00:00-07:00,Showers,46,F
Kamiah-ID,2023-11-12T13:00:00-07:00,Cloudy,46,F
Kamiah-ID,2023-11-12T14:00:00-07:00,Rain,48,F
Kamiah-ID,2023-11-12T15:00:00-07:00,Rain,47,F
Kamiah-ID,2023-11-12T16:00:00-07:00,Cloudy,47,F
Kamiah-ID,2023-11-12T17:00:00-07:00,Cloudy,46,F
Kamiah-ID,2023-11-12T18:00:00-07:00,Cloudy,45,F
Kamiah-ID,2023-11-12T19:00:00-07:00,Cloudy,45,F
Kamiah-ID,2023-11-12T20:00:00-07:00,Mostly cloudy,44,F
Kamiah-ID,2023-11-12T21:00:00-07:00,Intermittent clouds,43,F
Kamiah-ID,2023-11-12T22:00:00-07:00,Intermittent clouds,43,F
Kamiah-ID,2023-11-12T23:00:00-07:00,Intermittent clouds,42,F
Butte-MT,2023-11-11T00:00:00-07:00,Cloudy,44,F
Butte-MT,2023-11-11T01:00:00-07:00,Cloudy,43,F
Butte-MT,2023-11-11T02:00:00-07:00,Cloudy,42,F
Butte-MT,2023-11-11T03:00:00-07:00,Cloudy,42,F
Butte-MT,2023-11-11T04:00:00-07:00,Cloudy,43,F
Butte-MT,2023-11-11T05:00:00-07:00,Cloudy,43,F
Butte-MT,2023-11-11T06:00:00-07:00,Cloudy,42,F
Butte-MT,2023-11-11T07:00:00-07:00,Cloudy,41,F
Butte-MT,2023-11-11T08:00:00-07:00,Cloudy,41,F
Butte-MT,2023-11-11T09:00:00-07:00,Cloudy,39,F
Butte-MT,2023-11-11T10:00:00-07:00,Rain,38,F
Butte-MT,2023-11-11T11:00:00-07:00,Cloudy,37,F
Butte-MT,2023-11-11T12:00:00-07:00,Cloudy,44,F
Butte-MT,2023-11-11T13:00:00-07:00,Cloudy,43,F
Butte-MT,2023-11-11T14:00:00-07:00,Cloudy,42,F
Butte-MT,2023-11-11T15:00:00-07:00,Cloudy,42,F
Butte-MT,2023-11-11T16:00:00-07:00,Cloudy,43,F
Butte-MT,2023-11-11T17:00:00-07:00,Cloudy,43,F
Butte-MT,2023-11-11T18:00:00-07:00,Cloudy,42,F
Butte-MT,2023-11-11T19:00:00-07:00,Cloudy,41,F
Butte-MT,2023-11-11T20:00:00-07:00,Cloudy,41,F
Butte-MT,2023-11-11T21:00:00-07:00,Cloudy,39,F
Butte-MT,2023-11-11T22:00:00-07:00,Rain and snow,38,F
Butte-MT,2023-11-11T23:00:00-07:00,Cloudy,37,F
Butte-MT,2023-11-12T00:00:00-07:00,Cloudy,51,F
Butte-MT,2023-11-12T01:00:00-07:00,Cloudy,46,F
Butte-MT,2023-11-12T02:00:00-07:00,Cloudy,41,F
Butte-MT,2023-11-12T03:00:00-07:00,Cloudy,39,F
Butte-MT,2023-11-12T04:00:00-07:00,Cloudy,37,F
Butte-MT,2023-11-12T05:00:00-07:00,Cloudy,36,F
Butte-MT,2023-11-12T06:00:00-07:00,Cloudy,35,F
Butte-MT,2023-11-12T07:00:00-07:00,Cloudy,34,F
Butte-MT,2023-11-12T08:00:00-07:00,Cloudy,34,F
Butte-MT,2023-11-12T09:00:00-07:00,Cloudy,33,F
Butte-MT,2023-11-12T10:00:00-07:00,Rain,32,F
Butte-MT,2023-11-12T11:00:00-07:00,Cloudy,32,F
Butte-MT,2023-11-12T12:00:00-07:00,Cloudy,44,F
Butte-MT,2023-11-12T13:00:00-07:00,Cloudy,43,F
Butte-MT,2023-11-12T14:00:00-07:00,Cloudy,42,F
Butte-MT,2023-11-12T15:00:00-07:00,Cloudy,42,F
Butte-MT,2023-11-12T16:00:00-07:00,Cloudy,43,F
Butte-MT,2023-11-12T17:00:00-07:00,Cloudy,43,F
Butte-MT,2023-11-12T18:00:00-07:00,Cloudy,42,F
Butte-MT,2023-11-12T19:00:00-07:00,Cloudy,41,F
Butte-MT,2023-11-12T20:00:00-07:00,Cloudy,41,F
Butte-MT,2023-11-12T21:00:00-07:00,Cloudy,39,F
Butte-MT,2023-11-12T22:00:00-07:00,Rain,38,F
Butte-MT,2023-11-12T23:00:00-07:00,Cloudy,37,F
WestValleyCity-UT,2023-11-11T00:00:00-07:00,Mostly clear,33,F
WestValleyCity-UT,2023-11-11T01:00:00-07:00,Mostly clear,33,F
WestValleyCity-UT,2023-11-11T02:00:00-07:00,Mostly clear,33,F
WestValleyCity-UT,2023-11-11T03:00:00-07:00,Mostly clear,32,F
WestValleyCity-UT,2023-11-11T04:00:00-07:00,Mostly clear,32,F
WestValleyCity-UT,2023-11-11T05:00:00-07:00,Mostly clear,32,F
WestValleyCity-UT,2023-11-11T06:00:00-07:00,Mostly clear,31,F
WestValleyCity-UT,2023-11-11T07:00:00-07:00,Mostly clear,30,F
WestValleyCity-UT,2023-11-11T08:00:00-07:00,Mostly sunny,32,F
WestValleyCity-UT,2023-11-11T09:00:00-07:00,Mostly sunny,38,F
WestValleyCity-UT,2023-11-11T10:00:00-07:00,Mostly sunny,43,F
WestValleyCity-UT,2023-11-11T11:00:00-07:00,Mostly sunny,47,F
WestValleyCity-UT,2023-11-11T12:00:00-07:00,Mostly sunny,53,F
WestValleyCity-UT,2023-11-11T13:00:00-07:00,Mostly sunny,55,F
WestValleyCity-UT,2023-11-11T14:00:00-07:00,Mostly sunny,56,F
WestValleyCity-UT,2023-11-11T15:00:00-07:00,Mostly sunny,58,F
WestValleyCity-UT,2023-11-11T16:00:00-07:00,Mostly sunny,55,F
WestValleyCity-UT,2023-11-11T17:00:00-07:00,Mostly sunny,52,F
WestValleyCity-UT,2023-11-11T18:00:00-07:00,Mostly clear,49,F
WestValleyCity-UT,2023-11-11T19:00:00-07:00,Mostly clear,46,F
WestValleyCity-UT,2023-11-11T20:00:00-07:00,Mostly clear,43,F
WestValleyCity-UT,2023-11-11T21:00:00-07:00,Clear,41,F
WestValleyCity-UT,2023-11-11T22:00:00-07:00,Clear,40,F
WestValleyCity-UT,2023-11-11T23:00:00-07:00,Clear,39,F
WestValleyCity-UT,2023-11-12T00:00:00-07:00,Clear,38,F
WestValleyCity-UT,2023-11-12T01:00:00-07:00,Clear,37,F
WestValleyCity-UT,2023-11-12T02:00:00-07:00,Mostly clear,37,F
WestValleyCity-UT,2023-11-12T03:00:00-07:00,Mostly clear,36,F
WestValleyCity-UT,2023-11-12T04:00:00-07:00,Mostly clear,36,F
WestValleyCity-UT,2023-11-12T05:00:00-07:00,Mostly clear,35,F
WestValleyCity-UT,2023-11-12T06:00:00-07:00,Clear,35,F
WestValleyCity-UT,2023-11-12T07:00:00-07:00,Clear,35,F
WestValleyCity-UT,2023-11-12T08:00:00-07:00,Sunny,35,F
WestValleyCity-UT,2023-11-12T09:00:00-07:00,Sunny,40,F
WestValleyCity-UT,2023-11-12T10:00:00-07:00,Sunny,48,F
WestValleyCity-UT,2023-11-12T11:00:00-07:00,Mostly sunny,52,F
WestValleyCity-UT,2023-11-12T12:00:00-07:00,Sunny,60,F
WestValleyCity-UT,2023-11-12T13:00:00-07:00,Sunny,62,F
WestValleyCity-UT,2023-11-12T14:00:00-07:00,Sunny,63,F
WestValleyCity-UT,2023-11-12T15:00:00-07:00,Sunny,62,F
WestValleyCity-UT,2023-11-12T16:00:00-07:00,Mostly sunny,59,F
WestValleyCity-UT,2023-11-12T17:00:00-07:00,Mostly sunny,56,F
WestValleyCity-UT,2023-11-12T18:00:00-07:00,Mostly clear,53,F
WestValleyCity-UT,2023-11-12T19:00:00-07:00,Mostly clear,50,F
WestValleyCity-UT,2023-11-12T20:00:00-07:00,Mostly clear,47,F
WestValleyCity-UT,2023-11-12T21:00:00-07:00,Mostly clear,46,F
WestValleyCity-UT,2023-11-12T22:00:00-07:00,Mostly clear,45,F
WestValleyCity-UT,2023-11-12T23:00:00-07:00,Mostly clear,45,F
Provo-UT,2023-11-11T00:00:00-07:00,Mostly clear,33,F
Provo-UT,2023-11-11T01:00:00-07:00,Mostly clear,32,F
Provo-UT,2023-11-11T02:00:00-07:00,Mostly clear,31,F
Provo-UT,2023-11-11T03:00:00-07:00,Mostly clear,30,F
Provo-UT,2023-11-11T04:00:00-07:00,Mostly clear,29,F
Provo-UT,2023-11-11T05:00:00-07:00,Mostly clear,28,F
Provo-UT,2023-11-11T06:00:00-07:00,Mostly clear,27,F
Provo-UT,2023-11-11T07:00:00-07:00,Mostly clear,27,F
Provo-UT,2023-11-11T08:00:00-07:00,Mostly sunny,28,F
Provo-UT,2023-11-11T09:00:00-07:00,Mostly sunny,34,F
Provo-UT,2023-11-11T10:00:00-07:00,Mostly sunny,40,F
Provo-UT,2023-11-11T11:00:00-07:00,Mostly sunny,44,F
Provo-UT,2023-11-11T11:00:00-07:00,Mostly sunny,45,F
Provo-UT,2023-11-11T12:00:00-07:00,Mostly sunny,48,F
Provo-UT,2023-11-11T13:00:00-07:00,Mostly sunny,50,F
Provo-UT,2023-11-11T14:00:00-07:00,Mostly sunny,52,F
Provo-UT,2023-11-11T15:00:00-07:00,Mostly sunny,54,F
Provo-UT,2023-11-11T16:00:00-07:00,Mostly sunny,52,F
Provo-UT,2023-11-11T17:00:00-07:00,Mostly sunny,49,F
Provo-UT,2023-11-11T18:00:00-07:00,Mostly clear,47,F
Provo-UT,2023-11-11T19:00:00-07:00,Mostly clear,44,F
Provo-UT,2023-11-11T20:00:00-07:00,Mostly clear,41,F
Provo-UT,2023-11-11T21:00:00-07:00,Clear,39,F
Provo-UT,2023-11-11T22:00:00-07:00,Clear,37,F
Provo-UT,2023-11-12T00:00:00-07:00,Clear,36,F
Provo-UT,2023-11-12T01:00:00-07:00,Clear,35,F
Provo-UT,2023-11-12T02:00:00-07:00,Mostly clear,33,F
Provo-UT,2023-11-12T03:00:00-07:00,Mostly clear,32,F
Provo-UT,2023-11-12T04:00:00-07:00,Mostly clear,31,F
Provo-UT,2023-11-12T05:00:00-07:00,Mostly clear,30,F
Provo-UT,2023-11-12T06:00:00-07:00,Clear,29,F
Provo-UT,2023-11-12T07:00:00-07:00,Clear,29,F
Provo-UT,2023-11-12T08:00:00-07:00,Sunny,33,F
Provo-UT,2023-11-12T09:00:00-07:00,Sunny,36,F
Provo-UT,2023-11-12T10:00:00-07:00,Sunny,44,F
Provo-UT,2023-11-12T11:00:00-07:00,Sunny,51,F
Provo-UT,2023-11-12T12:00:00-07:00,Sunny,53,F
Provo-UT,2023-11-12T13:00:00-07:00,Sunny,56,F
Provo-UT,2023-11-12T14:00:00-07:00,Sunny,60,F
Provo-UT,2023-11-12T15:00:00-07:00,Sunny,62,F
Provo-UT,2023-11-12T16:00:00-07:00,Sunny,60,F
Provo-UT,2023-11-12T17:00:00-07:00,Sunny,56,F
Provo-UT,2023-11-12T18:00:00-07:00,Mostly clear,53,F
Provo-UT,2023-11-12T19:00:00-07:00,Mostly clear,50,F
Provo-UT,2023-11-12T20:00:00-07:00,Mostly clear,47,F
Provo-UT,2023-11-12T21:00:00-07:00,Partly cloudy,45,F
Provo-UT,2023-11-12T22:00:00-07:00,Partly cloudy,43,F
Provo-UT,2023-11-12T23:00:00-07:00,Partly cloudy,41,F
WestJordan-UT,2023-11-11T00:00:00-07:00,Mostly clear,34,F
WestJordan-UT,2023-11-11T01:00:00-07:00,Mostly clear,34,F
WestJordan-UT,2023-11-11T02:00:00-07:00,Mostly clear,34,F
WestJordan-UT,2023-11-11T03:00:00-07:00,Mostly clear,33,F
WestJordan-UT,2023-11-11T04:00:00-07:00,Mostly clear,33,F
WestJordan-UT,2023-11-11T05:00:00-07:00,Mostly clear,33,F
WestJordan-UT,2023-11-11T06:00:00-07:00,Partly cloudy,33,F
WestJordan-UT,2023-11-11T07:00:00-07:00,Mostly clear,33,F
WestJordan-UT,2023-11-11T08:00:00-07:00,Mostly sunny,35,F
WestJordan-UT,2023-11-11T09:00:00-07:00,Mostly sunny,37,F
WestJordan-UT,2023-11-11T10:00:00-07:00,Mostly sunny,42,F
WestJordan-UT,2023-11-11T11:00:00-07:00,Mostly sunny,45,F
WestJordan-UT,2023-11-11T12:00:00-07:00,Mostly sunny,47,F
WestJordan-UT,2023-11-11T13:00:00-07:00,Mostly sunny,49,F
WestJordan-UT,2023-11-11T14:00:00-07:00,Mostly sunny,51,F
WestJordan-UT,2023-11-11T15:00:00-07:00,Mostly sunny,53,F
WestJordan-UT,2023-11-11T16:00:00-07:00,Mostly sunny,51,F
WestJordan-UT,2023-11-11T17:00:00-07:00,Mostly sunny,48,F
WestJordan-UT,2023-11-11T18:00:00-07:00,Mostly clear,46,F
WestJordan-UT,2023-11-11T19:00:00-07:00,Partly cloudy,43,F
WestJordan-UT,2023-11-11T20:00:00-07:00,Mostly clear,42,F
WestJordan-UT,2023-11-11T21:00:00-07:00,Clear,41,F
WestJordan-UT,2023-11-11T22:00:00-07:00,Clear,40,F
WestJordan-UT,2023-11-11T23:00:00-07:00,Clear,40,F
WestJordan-UT,2023-11-12T00:00:00-07:00,Clear,41,F
WestJordan-UT,2023-11-12T01:00:00-07:00,Clear,40,F
WestJordan-UT,2023-11-12T02:00:00-07:00,Clear,39,F
WestJordan-UT,2023-11-12T03:00:00-07:00,Clear,38,F
WestJordan-UT,2023-11-12T04:00:00-07:00,Clear,37,F
WestJordan-UT,2023-11-12T05:00:00-07:00,Mostly clear,37,F
WestJordan-UT,2023-11-12T06:00:00-07:00,Mostly clear,36,F
WestJordan-UT,2023-11-12T07:00:00-07:00,Clear,36,F
WestJordan-UT,2023-11-12T08:00:00-07:00,Sunny,38,F
WestJordan-UT,2023-11-12T09:00:00-07:00,Sunny,41,F
WestJordan-UT,2023-11-12T10:00:00-07:00,Sunny,47,F
WestJordan-UT,2023-11-12T11:00:00-07:00,Mostly sunny,51,F
WestJordan-UT,2023-11-12T12:00:00-07:00,Sunny,54,F
WestJordan-UT,2023-11-12T13:00:00-07:00,Mostly sunny,58,F
WestJordan-UT,2023-11-12T14:00:00-07:00,Mostly sunny,61,F
WestJordan-UT,2023-11-12T15:00:00-07:00,Mostly sunny,60,F
WestJordan-UT,2023-11-12T16:00:00-07:00,Mostly sunny,58,F
WestJordan-UT,2023-11-12T17:00:00-07:00,Mostly sunny,55,F
WestJordan-UT,2023-11-12T18:00:00-07:00,Mostly clear,53,F
WestJordan-UT,2023-11-12T19:00:00-07:00,Mostly clear,50,F
WestJordan-UT,2023-11-12T20:00:00-07:00,Mostly clear,48,F
WestJordan-UT,2023-11-12T21:00:00-07:00,Mostly clear,47,F
WestJordan-UT,2023-11-12T22:00:00-07:00,Mostly clear,46,F
WestJordan-UT,2023-11-12T23:00:00-07:00,Mostly clear,46,F
Sandy-UT,2023-11-11T00:00:00-07:00,Partly cloudy,33,F
Sandy-UT,2023-11-11T01:00:00-07:00,Partly cloudy,33,F
Sandy-UT,2023-11-11T02:00:00-07:00,Mostly clear,33,F
Sandy-UT,2023-11-11T03:00:00-07:00,Mostly clear,33,F
Sandy-UT,2023-11-11T04:00:00-07:00,Mostly clear,32,F
Sandy-UT,2023-11-11T05:00:00-07:00,Mostly clear,32,F
Sandy-UT,2023-11-11T06:00:00-07:00,Partly cloudy,32,F
Sandy-UT,2023-11-11T07:00:00-07:00,Mostly clear,30,F
Sandy-UT,2023-11-11T08:00:00-07:00,Mostly sunny,32,F
Sandy-UT,2023-11-11T09:00:00-07:00,Mostly sunny,38,F
Sandy-UT,2023-11-11T10:00:00-07:00,Mostly sunny,44,F
Sandy-UT,2023-11-11T11:00:00-07:00,Mostly sunny,47,F
Sandy-UT,2023-11-11T12:00:00-07:00,Mostly sunny,52,F
Sandy-UT,2023-11-11T13:00:00-07:00,Mostly sunny,54,F
Sandy-UT,2023-11-11T14:00:00-07:00,Mostly sunny,56,F
Sandy-UT,2023-11-11T15:00:00-07:00,Mostly sunny,57,F
Sandy-UT,2023-11-11T16:00:00-07:00,Mostly sunny,55,F
Sandy-UT,2023-11-11T17:00:00-07:00,Mostly sunny,52,F
Sandy-UT,2023-11-11T18:00:00-07:00,Mostly clear,49,F
Sandy-UT,2023-11-11T19:00:00-07:00,Mostly clear,46,F
Sandy-UT,2023-11-11T20:00:00-07:00,Mostly clear,44,F
Sandy-UT,2023-11-11T21:00:00-07:00,Mostly clear,42,F
Sandy-UT,2023-11-11T22:00:00-07:00,Mostly clear,41,F
Sandy-UT,2023-11-11T23:00:00-07:00,Mostly clear,40,F
Sandy-UT,2023-11-12T00:00:00-07:00,Mostly clear,39,F
Sandy-UT,2023-11-12T01:00:00-07:00,Mostly clear,38,F
Sandy-UT,2023-11-12T02:00:00-07:00,Mostly clear,37,F
Sandy-UT,2023-11-12T03:00:00-07:00,Mostly clear,37,F
Sandy-UT,2023-11-12T04:00:00-07:00,Mostly clear,36,F
Sandy-UT,2023-11-12T05:00:00-07:00,Mostly clear,35,F
Sandy-UT,2023-11-12T06:00:00-07:00,Mostly clear,35,F
Sandy-UT,2023-11-12T07:00:00-07:00,Mostly clear,35,F
Sandy-UT,2023-11-12T08:00:00-07:00,Sunny,35,F
Sandy-UT,2023-11-12T09:00:00-07:00,Sunny,40,F
Sandy-UT,2023-11-12T10:00:00-07:00,Sunny,48,F
Sandy-UT,2023-11-12T11:00:00-07:00,Mostly sunny,52,F
Sandy-UT,2023-11-12T12:00:00-07:00,Sunny,57,F
Sandy-UT,2023-11-12T13:00:00-07:00,Mostly sunny,60,F
Sandy-UT,2023-11-12T14:00:00-07:00,Mostly sunny,62,F
Sandy-UT,2023-11-12T15:00:00-07:00,Mostly sunny,64,F
Sandy-UT,2023-11-12T16:00:00-07:00,Mostly sunny,62,F
Sandy-UT,2023-11-12T17:00:00-07:00,Mostly sunny,58,F
Sandy-UT,2023-11-12T18:00:00-07:00,Mostly clear,55,F
Sandy-UT,2023-11-12T19:00:00-07:00,Mostly clear,52,F
Sandy-UT,2023-11-12T20:00:00-07:00,Mostly clear,49,F
Sandy-UT,2023-11-12T21:00:00-07:00,Mostly clear,46,F
Sandy-UT,2023-11-12T22:00:00-07:00,Mostly clear,45,F
Sandy-UT,2023-11-12T23:00:00-07:00,Mostly clear,45,F
Orem-UT,2023-11-11T00:00:00-07:00,Mostly clear,32,F
Orem-UT,2023-11-11T01:00:00-07:00,Mostly clear,31,F
Orem-UT,2023-11-11T02:00:00-07:00,Mostly clear,30,F
Orem-UT,2023-11-11T03:00:00-07:00,Mostly clear,29,F
Orem-UT,2023-11-11T04:00:00-07:00,Mostly clear,28,F
Orem-UT,2023-11-11T05:00:00-07:00,Mostly clear,27,F
Orem-UT,2023-11-11T06:00:00-07:00,Mostly clear,26,F
Orem-UT,2023-11-11T07:00:00-07:00,Mostly clear,27,F
Orem-UT,2023-11-11T08:00:00-07:00,Mostly sunny,29,F
Orem-UT,2023-11-11T09:00:00-07:00,Mostly sunny,33,F
Orem-UT,2023-11-11T10:00:00-07:00,Mostly sunny,39,F
Orem-UT,2023-11-11T11:00:00-07:00,Mostly sunny,42,F
Orem-UT,2023-11-11T12:00:00-07:00,Mostly sunny,47,F
Orem-UT,2023-11-11T13:00:00-07:00,Mostly sunny,49,F
Orem-UT,2023-11-11T14:00:00-07:00,Mostly sunny,50,F
Orem-UT,2023-11-11T15:00:00-07:00,Mostly sunny,52,F
Orem-UT,2023-11-11T16:00:00-07:00,Mostly sunny,50,F
Orem-UT,2023-11-11T17:00:00-07:00,Mostly sunny,47,F
Orem-UT,2023-11-11T18:00:00-07:00,Mostly clear,44,F
Orem-UT,2023-11-11T19:00:00-07:00,Mostly clear,41,F
Orem-UT,2023-11-11T20:00:00-07:00,Mostly clear,39,F
Orem-UT,2023-11-11T21:00:00-07:00,Clear,37,F
Orem-UT,2023-11-11T22:00:00-07:00,Clear,36,F
Orem-UT,2023-11-11T23:00:00-07:00,Clear,35,F
Orem-UT,2023-11-12T00:00:00-07:00,Clear,37,F
Orem-UT,2023-11-12T01:00:00-07:00,Clear,35,F
Orem-UT,2023-11-12T02:00:00-07:00,Clear,33,F
Orem-UT,2023-11-12T03:00:00-07:00,Mostly clear,32,F
Orem-UT,2023-11-12T04:00:00-07:00,Mostly clear,31,F
Orem-UT,2023-11-12T05:00:00-07:00,Mostly clear,30,F
Orem-UT,2023-11-12T06:00:00-07:00,Clear,28,F
Orem-UT,2023-11-12T07:00:00-07:00,Clear,28,F
Orem-UT,2023-11-12T08:00:00-07:00,Sunny,29,F
Orem-UT,2023-11-12T09:00:00-07:00,Sunny,35,F
Orem-UT,2023-11-12T10:00:00-07:00,Sunny,42,F
Orem-UT,2023-11-12T11:00:00-07:00,Sunny,46,F
Orem-UT,2023-11-12T12:00:00-07:00,Sunny,51,F
Orem-UT,2023-11-12T13:00:00-07:00,Sunny,54,F
Orem-UT,2023-11-12T14:00:00-07:00,Mostly sunny,57,F
Orem-UT,2023-11-12T15:00:00-07:00,Mostly sunny,59,F
Orem-UT,2023-11-12T16:00:00-07:00,Mostly sunny,57,F
Orem-UT,2023-11-12T17:00:00-07:00,Mostly sunny,53,F
Orem-UT,2023-11-12T18:00:00-07:00,Mostly clear,50,F
Orem-UT,2023-11-12T19:00:00-07:00,Mostly clear,47,F
Orem-UT,2023-11-12T20:00:00-07:00,Partly cloudy,45,F
Orem-UT,2023-11-12T21:00:00-07:00,Partly cloudy,42,F
Orem-UT,2023-11-12T22:00:00-07:00,Partly cloudy,41,F
Orem-UT,2023-11-12T23:00:00-07:00,Partly cloudy,39,F
Ogden-UT,2023-11-11T00:00:00-07:00,Clear,34,F
Ogden-UT,2023-11-11T01:00:00-07:00,Clear,34,F
Ogden-UT,2023-11-11T02:00:00-07:00,Mostly clear,33,F
Ogden-UT,2023-11-11T03:00:00-07:00,Mostly clear,33,F
Ogden-UT,2023-11-11T04:00:00-07:00,Mostly clear,33,F
Ogden-UT,2023-11-11T05:00:00-07:00,Mostly clear,33,F
Ogden-UT,2023-11-11T06:00:00-07:00,Partly cloudy,33,F
Ogden-UT,2023-11-11T07:00:00-07:00,Mostly clear,33,F
Ogden-UT,2023-11-11T08:00:00-07:00,Mostly sunny,33,F
Ogden-UT,2023-11-11T09:00:00-07:00,Mostly sunny,38,F
Ogden-UT,2023-11-11T10:00:00-07:00,Mostly sunny,43,F
Ogden-UT,2023-11-11T11:00:00-07:00,Mostly sunny,46,F
Ogden-UT,2023-11-11T12:00:00-07:00,Partly sunny,48,F
Ogden-UT,2023-11-11T13:00:00-07:00,Mostly sunny,51,F
Ogden-UT,2023-11-11T14:00:00-07:00,Mostly sunny,53,F
Ogden-UT,2023-11-11T15:00:00-07:00,Mostly sunny,55,F
Ogden-UT,2023-11-11T16:00:00-07:00,Mostly sunny,53,F
Ogden-UT,2023-11-11T17:00:00-07:00,Mostly sunny,50,F
Ogden-UT,2023-11-11T18:00:00-07:00,Mostly clear,47,F
Ogden-UT,2023-11-11T19:00:00-07:00,Mostly clear,45,F
Ogden-UT,2023-11-11T20:00:00-07:00,Mostly clear,43,F
Ogden-UT,2023-11-11T21:00:00-07:00,Mostly clear,42,F
Ogden-UT,2023-11-11T22:00:00-07:00,Mostly clear,41,F
Ogden-UT,2023-11-11T23:00:00-07:00,Mostly clear,41,F
Ogden-UT,2023-11-12T00:00:00-07:00,Clear,40,F
Ogden-UT,2023-11-12T01:00:00-07:00,Clear,39,F
Ogden-UT,2023-11-12T02:00:00-07:00,Mostly clear,38,F
Ogden-UT,2023-11-12T03:00:00-07:00,Mostly clear,37,F
Ogden-UT,2023-11-12T04:00:00-07:00,Mostly clear,36,F
Ogden-UT,2023-11-12T05:00:00-07:00,Mostly clear,35,F
Ogden-UT,2023-11-12T06:00:00-07:00,Mostly clear,35,F
Ogden-UT,2023-11-12T07:00:00-07:00,Clear,33,F
Ogden-UT,2023-11-12T08:00:00-07:00,Sunny,36,F
Ogden-UT,2023-11-12T09:00:00-07:00,Sunny,41,F
Ogden-UT,2023-11-12T10:00:00-07:00,Sunny,48,F
Ogden-UT,2023-11-12T11:00:00-07:00,Mostly sunny,52,F
Ogden-UT,2023-11-12T12:00:00-07:00,Sunny,56,F
Ogden-UT,2023-11-12T13:00:00-07:00,Sunny,59,F
Ogden-UT,2023-11-12T14:00:00-07:00,Mostly sunny,61,F
Ogden-UT,2023-11-12T15:00:00-07:00,Mostly sunny,63,F
Ogden-UT,2023-11-12T16:00:00-07:00,Mostly sunny,60,F
Ogden-UT,2023-11-12T17:00:00-07:00,Mostly sunny,57,F
Ogden-UT,2023-11-12T18:00:00-07:00,Mostly clear,53,F
Ogden-UT,2023-11-12T19:00:00-07:00,Mostly clear,50,F
Ogden-UT,2023-11-12T20:00:00-07:00,Mostly clear,47,F
Ogden-UT,2023-11-12T21:00:00-07:00,Partly cloudy,46,F
Ogden-UT,2023-11-12T22:00:00-07:00,Partly cloudy,46,F
Ogden-UT,2023-11-12T23:00:00-07:00,Partly cloudy,45,F
Alamosa-CO,2023-11-11T00:00:00-07:00,Partly cloudy,18,F
Alamosa-CO,2023-11-11T01:00:00-07:00,Intermittent clouds,17,F
Alamosa-CO,2023-11-11T02:00:00-07:00,Intermittent clouds,17,F
Alamosa-CO,2023-11-11T03:00:00-07:00,Intermittent clouds,16,F
Alamosa-CO,2023-11-11T04:00:00-07:00,Intermittent clouds,15,F
Alamosa-CO,2023-11-11T05:00:00-07:00,Intermittent clouds,15,F
Alamosa-CO,2023-11-11T06:00:00-07:00,Partly cloudy,14,F
Alamosa-CO,2023-11-11T07:00:00-07:00,Mostly sunny,18,F
Alamosa-CO,2023-11-11T08:00:00-07:00,Sunny,25,F
Alamosa-CO,2023-11-11T09:00:00-07:00,Sunny,31,F
Alamosa-CO,2023-11-11T10:00:00-07:00,Sunny,37,F
Alamosa-CO,2023-11-11T11:00:00-07:00,Sunny,41,F
Alamosa-CO,2023-11-11T12:00:00-07:00,Mostly sunny,42,F
Alamosa-CO,2023-11-11T13:00:00-07:00,Sunny,45,F
Alamosa-CO,2023-11-11T14:00:00-07:00,Sunny,49,F
Alamosa-CO,2023-11-11T15:00:00-07:00,Sunny,52,F
Alamosa-CO,2023-11-11T16:00:00-07:00,Sunny,48,F
Alamosa-CO,2023-11-11T17:00:00-07:00,Mostly clear,43,F
Alamosa-CO,2023-11-11T18:00:00-07:00,Clear,38,F
Alamosa-CO,2023-11-11T19:00:00-07:00,Mostly clear,33,F
Alamosa-CO,2023-11-11T20:00:00-07:00,Mostly clear,28,F
Alamosa-CO,2023-11-11T21:00:00-07:00,Mostly clear,25,F
Alamosa-CO,2023-11-11T22:00:00-07:00,Mostly clear,22,F
Alamosa-CO,2023-11-11T23:00:00-07:00,Mostly clear,20,F
Alamosa-CO,2023-11-12T00:00:00-07:00,Mostly clear,15,F
Alamosa-CO,2023-11-12T01:00:00-07:00,Mostly clear,14,F
Alamosa-CO,2023-11-12T02:00:00-07:00,Mostly clear,13,F
Alamosa-CO,2023-11-12T03:00:00-07:00,Mostly clear,12,F
Alamosa-CO,2023-11-12T04:00:00-07:00,Mostly clear,12,F
Alamosa-CO,2023-11-12T05:00:00-07:00,Mostly clear,11,F
Alamosa-CO,2023-11-12T06:00:00-07:00,Mostly clear,10,F
Alamosa-CO,2023-11-12T07:00:00-07:00,Sunny,15,F
Alamosa-CO,2023-11-12T08:00:00-07:00,Sunny,23,F
Alamosa-CO,2023-11-12T09:00:00-07:00,Sunny,31,F
Alamosa-CO,2023-11-12T10:00:00-07:00,Sunny,39,F
Alamosa-CO,2023-11-12T11:00:00-07:00,Sunny,45,F
Alamosa-CO,2023-11-12T12:00:00-07:00,Sunny,47,F
Alamosa-CO,2023-11-12T13:00:00-07:00,Sunny,51,F
Alamosa-CO,2023-11-12T14:00:00-07:00,Sunny,54,F
Alamosa-CO,2023-11-12T15:00:00-07:00,Sunny,58,F
Alamosa-CO,2023-11-12T16:00:00-07:00,Sunny,54,F
Alamosa-CO,2023-11-12T17:00:00-07:00,Mostly clear,48,F
Alamosa-CO,2023-11-12T18:00:00-07:00,Clear,42,F
Alamosa-CO,2023-11-12T19:00:00-07:00,Clear,36,F
Alamosa-CO,2023-11-12T20:00:00-07:00,Clear,30,F
Alamosa-CO,2023-11-12T21:00:00-07:00,Clear,27,F
Alamosa-CO,2023-11-12T22:00:00-07:00,Clear,24,F
Alamosa-CO,2023-11-12T23:00:00-07:00,Mostly clear,22,F
Cortez-CO,2023-11-11T00:00:00-07:00,Mostly clear,29,F
Cortez-CO,2023-11-11T01:00:00-07:00,Mostly clear,28,F
Cortez-CO,2023-11-11T02:00:00-07:00,Mostly clear,28,F
Cortez-CO,2023-11-11T03:00:00-07:00,Mostly clear,27,F
Cortez-CO,2023-11-11T04:00:00-07:00,Mostly clear,27,F
Cortez-CO,2023-11-11T05:00:00-07:00,Mostly clear,26,F
Cortez-CO,2023-11-11T06:00:00-07:00,Mostly clear,26,F
Cortez-CO,2023-11-11T07:00:00-07:00,Sunny,28,F