Cortez-CO,2023-11-11T08:00:00-07:00,Sunny,33,F
Cortez-CO,2023-11-11T09:00:00-07:00,Sunny,38,F
Cortez-CO,2023-11-11T10:00:00-07:00,Sunny,45,F
Cortez-CO,2023-11-11T11:00:00-07:00,Sunny,49,F
Cortez-CO,2023-11-11T12:00:00-07:00,Sunny,52,F
Cortez-CO,2023-11-11T13:00:00-07:00,Sunny,55,F
Cortez-CO,2023-11-11T14:00:00-07:00,Sunny,58,F
Cortez-CO,2023-11-11T15:00:00-07:00,Sunny,56,F
Cortez-CO,2023-11-11T16:00:00-07:00,Sunny,53,F
Cortez-CO,2023-11-11T17:00:00-07:00,Sunny,50,F
Cortez-CO,2023-11-11T18:00:00-07:00,Clear,44,F
Cortez-CO,2023-11-11T19:00:00-07:00,Clear,40,F
Cortez-CO,2023-11-11T20:00:00-07:00,Clear,36,F
Cortez-CO,2023-11-11T21:00:00-07:00,Clear,33,F
Cortez-CO,2023-11-11T22:00:00-07:00,Clear,31,F
Cortez-CO,2023-11-11T23:00:00-07:00,Clear,29,F
Cortez-CO,2023-11-12T00:00:00-07:00,Clear,26,F
Cortez-CO,2023-11-12T01:00:00-07:00,Clear,25,F
Cortez-CO,2023-11-12T02:00:00-07:00,Clear,25,F
Cortez-CO,2023-11-12T03:00:00-07:00,Clear,24,F
Cortez-CO,2023-11-12T04:00:00-07:00,Clear,24,F
Cortez-CO,2023-11-12T05:00:00-07:00,Mostly clear,24,F
Cortez-CO,2023-11-12T06:00:00-07:00,Clear,23,F
Cortez-CO,2023-11-12T07:00:00-07:00,Sunny,25,F
Cortez-CO,2023-11-12T08:00:00-07:00,Sunny,32,F
Cortez-CO,2023-11-12T09:00:00-07:00,Sunny,38,F
Cortez-CO,2023-11-12T10:00:00-07:00,Sunny,47,F
Cortez-CO,2023-11-12T11:00:00-07:00,Sunny,51,F
Cortez-CO,2023-11-12T12:00:00-07:00,Sunny,57,F
Cortez-CO,2023-11-12T13:00:00-07:00,Sunny,60,F
Cortez-CO,2023-11-12T14:00:00-07:00,Sunny,63,F
Cortez-CO,2023-11-12T15:00:00-07:00,Sunny,60,F
Cortez-CO,2023-11-12T16:00:00-07:00,Sunny,56,F
Cortez-CO,2023-11-12T17:00:00-07:00,Sunny,53,F
Cortez-CO,2023-11-12T18:00:00-07:00,Clear,47,F
Cortez-CO,2023-11-12T19:00:00-07:00,Clear,42,F
Cortez-CO,2023-11-12T20:00:00-07:00,Clear,39,F
Cortez-CO,2023-11-12T21:00:00-07:00,Clear,36,F
Cortez-CO,2023-11-12T22:00:00-07:00,Clear,34,F
Cortez-CO,2023-11-12T23:00:00-07:00,Clear,33,F
Pueblo-CO,2023-11-11T00:00:00-07:00,Clear,29,F
Pueblo-CO,2023-11-11T01:00:00-07:00,Clear,27,F
Pueblo-CO,2023-11-11T02:00:00-07:00,Clear,26,F
Pueblo-CO,2023-11-11T03:00:00-07:00,Clear,25,F
Pueblo-CO,2023-11-11T04:00:00-07:00,Mostly clear,23,F
Pueblo-CO,2023-11-11T05:00:00-07:00,Mostly clear,22,F
Pueblo-CO,2023-11-11T06:00:00-07:00,Clear,21,F
Pueblo-CO,2023-11-11T07:00:00-07:00,Mostly sunny,25,F
Pueblo-CO,2023-11-11T08:00:00-07:00,Mostly sunny,32,F
Pueblo-CO,2023-11-11T09:00:00-07:00,Mostly sunny,40,F
Pueblo-CO,2023-11-11T10:00:00-07:00,Mostly sunny,48,F
Pueblo-CO,2023-11-11T11:00:00-07:00,Mostly sunny,54,F
Pueblo-CO,2023-11-11T12:00:00-07:00,Sunny,59,F
Pueblo-CO,2023-11-11T13:00:00-07:00,Sunny,61,F
Pueblo-CO,2023-11-11T14:00:00-07:00,Sunny,63,F
Pueblo-CO,2023-11-11T15:00:00-07:00,Sunny,61,F
Pueblo-CO,2023-11-11T16:00:00-07:00,Sunny,58,F
Pueblo-CO,2023-11-11T17:00:00-07:00,Clear,55,F
Pueblo-CO,2023-11-11T18:00:00-07:00,Clear,49,F
Pueblo-CO,2023-11-11T19:00:00-07:00,Clear,44,F
Pueblo-CO,2023-11-11T20:00:00-07:00,Clear,41,F
Pueblo-CO,2023-11-11T21:00:00-07:00,Clear,38,F
Pueblo-CO,2023-11-11T22:00:00-07:00,Clear,35,F
Pueblo-CO,2023-11-11T23:00:00-07:00,Clear,32,F
Pueblo-CO,2023-11-12T00:00:00-07:00,Clear,28,F
Pueblo-CO,2023-11-12T01:00:00-07:00,Clear,27,F
Pueblo-CO,2023-11-12T02:00:00-07:00,Clear,26,F
Pueblo-CO,2023-11-12T03:00:00-07:00,Clear,26,F
Pueblo-CO,2023-11-12T04:00:00-07:00,Clear,25,F
Pueblo-CO,2023-11-12T05:00:00-07:00,Clear,24,F
Pueblo-CO,2023-11-12T06:00:00-07:00,Clear,24,F
Pueblo-CO,2023-11-12T07:00:00-07:00,Sunny,27,F
Pueblo-CO,2023-11-12T08:00:00-07:00,Sunny,35,F
Pueblo-CO,2023-11-12T09:00:00-07:00,Sunny,43,F
Pueblo-CO,2023-11-12T10:00:00-07:00,Sunny,51,F
Pueblo-CO,2023-11-12T11:00:00-07:00,Sunny,58,F
Pueblo-CO,2023-11-12T12:00:00-07:00,Sunny,64,F
Pueblo-CO,2023-11-12T13:00:00-07:00,Sunny,65,F
Pueblo-CO,2023-11-12T14:00:00-07:00,Sunny,67,F
Pueblo-CO,2023-11-12T15:00:00-07:00,Sunny,65,F
Pueblo-CO,2023-11-12T16:00:00-07:00,Sunny,61,F
Pueblo-CO,2023-11-12T17:00:00-07:00,Clear,58,F
Pueblo-CO,2023-11-12T18:00:00-07:00,Clear,52,F
Pueblo-CO,2023-11-12T19:00:00-07:00,Clear,47,F
Pueblo-CO,2023-11-12T20:00:00-07:00,Clear,44,F
Pueblo-CO,2023-11-12T21:00:00-07:00,Clear,41,F
Pueblo-CO,2023-11-12T22:00:00-07:00,Clear,38,F
Pueblo-CO,2023-11-12T23:00:00-07:00,Clear,35,F
GrandJunction-CO,2023-11-11T00:00:00-07:00,Mostly clear,31,F
GrandJunction-CO,2023-11-11T01:00:00-07:00,Mostly clear,31,F
GrandJunction-CO,2023-11-11T02:00:00-07:00,Mostly clear,30,F
GrandJunction-CO,2023-11-11T03:00:00-07:00,Mostly clear,29,F
GrandJunction-CO,2023-11-11T04:00:00-07:00,Mostly clear,28,F
GrandJunction-CO,2023-11-11T05:00:00-07:00,Mostly clear,28,F
GrandJunction-CO,2023-11-11T06:00:00-07:00,Mostly clear,27,F
GrandJunction-CO,2023-11-11T07:00:00-07:00,Sunny,29,F
GrandJunction-CO,2023-11-11T08:00:00-07:00,Sunny,32,F
GrandJunction-CO,2023-11-11T09:00:00-07:00,Sunny,35,F
GrandJunction-CO,2023-11-11T10:00:00-07:00,Sunny,43,F
GrandJunction-CO,2023-11-11T11:00:00-07:00,Mostly sunny,46,F
GrandJunction-CO,2023-11-11T12:00:00-07:00,Mostly sunny,50,F
GrandJunction-CO,2023-11-11T13:00:00-07:00,Sunny,52,F
GrandJunction-CO,2023-11-11T14:00:00-07:00,Mostly sunny,54,F
GrandJunction-CO,2023-11-11T15:00:00-07:00,Mostly sunny,56,F
GrandJunction-CO,2023-11-11T16:00:00-07:00,Mostly sunny,54,F
GrandJunction-CO,2023-11-11T17:00:00-07:00,Mostly sunny,50,F
GrandJunction-CO,2023-11-11T18:00:00-07:00,Mostly clear,46,F
GrandJunction-CO,2023-11-11T19:00:00-07:00,Clear,43,F
GrandJunction-CO,2023-11-11T20:00:00-07:00,Clear,40,F
GrandJunction-CO,2023-11-11T21:00:00-07:00,Clear,38,F
GrandJunction-CO,2023-11-11T22:00:00-07:00,Clear,36,F
GrandJunction-CO,2023-11-11T23:00:00-07:00,Clear,34,F
GrandJunction-CO,2023-11-12T00:00:00-07:00,Clear,30,F
GrandJunction-CO,2023-11-12T01:00:00-07:00,Clear,30,F
GrandJunction-CO,2023-11-12T02:00:00-07:00,Clear,30,F
GrandJunction-CO,2023-11-12T03:00:00-07:00,Clear,29,F
GrandJunction-CO,2023-11-12T04:00:00-07:00,Clear,29,F
GrandJunction-CO,2023-11-12T05:00:00-07:00,Clear,29,F
GrandJunction-CO,2023-11-12T06:00:00-07:00,Clear,28,F
GrandJunction-CO,2023-11-12T07:00:00-07:00,Sunny,28,F
GrandJunction-CO,2023-11-12T08:00:00-07:00,Sunny,30,F
GrandJunction-CO,2023-11-12T09:00:00-07:00,Sunny,36,F
GrandJunction-CO,2023-11-12T10:00:00-07:00,Sunny,44,F
GrandJunction-CO,2023-11-12T11:00:00-07:00,Sunny,50,F
GrandJunction-CO,2023-11-12T12:00:00-07:00,Sunny,54,F
GrandJunction-CO,2023-11-12T13:00:00-07:00,Sunny,56,F
GrandJunction-CO,2023-11-12T14:00:00-07:00,Sunny,59,F
GrandJunction-CO,2023-11-12T15:00:00-07:00,Sunny,60,F
GrandJunction-CO,2023-11-12T16:00:00-07:00,Sunny,58,F
GrandJunction-CO,2023-11-12T17:00:00-07:00,Sunny,55,F
GrandJunction-CO,2023-11-12T18:00:00-07:00,Clear,51,F
GrandJunction-CO,2023-11-12T19:00:00-07:00,Clear,47,F
GrandJunction-CO,2023-11-12T20:00:00-07:00,Clear,44,F
GrandJunction-CO,2023-11-12T21:00:00-07:00,Clear,41,F
GrandJunction-CO,2023-11-12T22:00:00-07:00,Clear,39,F
GrandJunction-CO,2023-11-12T23:00:00-07:00,Clear,38,F
Lamar-CO,2023-11-11T02:00:00-07:00,Clear,37,F
Lamar-CO,2023-11-11T01:00:00-07:00,Clear,34,F
Lamar-CO,2023-11-11T02:00:00-07:00,Clear,32,F
Lamar-CO,2023-11-11T03:00:00-07:00,Mostly clear,30,F
Lamar-CO,2023-11-11T04:00:00-07:00,Mostly clear,28,F
Lamar-CO,2023-11-11T05:00:00-07:00,Mostly clear,26,F
Lamar-CO,2023-11-11T06:00:00-07:00,Mostly clear,24,F
Lamar-CO,2023-11-11T07:00:00-07:00,Mostly sunny,25,F
Lamar-CO,2023-11-11T08:00:00-07:00,Mostly sunny,30,F
Lamar-CO,2023-11-11T09:00:00-07:00,Mostly sunny,37,F
Lamar-CO,2023-11-11T10:00:00-07:00,Mostly sunny,46,F
Lamar-CO,2023-11-11T11:00:00-07:00,Mostly sunny,51,F
Lamar-CO,2023-11-11T12:00:00-07:00,Mostly sunny,57,F
Lamar-CO,2023-11-11T13:00:00-07:00,Mostly sunny,60,F
Lamar-CO,2023-11-11T14:00:00-07:00,Mostly sunny,64,F
Lamar-CO,2023-11-11T15:00:00-07:00,Mostly sunny,62,F
Lamar-CO,2023-11-11T16:00:00-07:00,Mostly sunny,58,F
Lamar-CO,2023-11-11T17:00:00-07:00,Mostly clear,55,F
Lamar-CO,2023-11-11T18:00:00-07:00,Mostly clear,47,F
Lamar-CO,2023-11-11T19:00:00-07:00,Clear,42,F
Lamar-CO,2023-11-11T20:00:00-07:00,Clear,39,F
Lamar-CO,2023-11-11T21:00:00-07:00,Clear,36,F
Lamar-CO,2023-11-11T22:00:00-07:00,Clear,34,F
Lamar-CO,2023-11-11T23:00:00-07:00,Clear,31,F
Lamar-CO,2023-11-12T00:00:00-07:00,Clear,31,F
Lamar-CO,2023-11-12T01:00:00-07:00,Clear,30,F
Lamar-CO,2023-11-12T02:00:00-07:00,Clear,29,F
Lamar-CO,2023-11-12T03:00:00-07:00,Clear,28,F
Lamar-CO,2023-11-12T04:00:00-07:00,Clear,27,F
Lamar-CO,2023-11-12T05:00:00-07:00,Clear,26,F
Lamar-CO,2023-11-12T06:00:00-07:00,Clear,25,F
Lamar-CO,2023-11-12T07:00:00-07:00,Sunny,28,F
Lamar-CO,2023-11-12T08:00:00-07:00,Sunny,34,F
Lamar-CO,2023-11-12T09:00:00-07:00,Sunny,40,F
Lamar-CO,2023-11-12T10:00:00-07:00,Sunny,49,F
Lamar-CO,2023-11-12T11:00:00-07:00,Sunny,57,F
Lamar-CO,2023-11-12T12:00:00-07:00,Sunny,63,F
Lamar-CO,2023-11-12T13:00:00-07:00,Sunny,67,F
Lamar-CO,2023-11-12T14:00:00-07:00,Sunny,70,F
Lamar-CO,2023-11-12T15:00:00-07:00,Sunny,68,F
Lamar-CO,2023-11-12T16:00:00-07:00,Sunny,64,F
Lamar-CO,2023-11-12T17:00:00-07:00,Clear,60,F
Lamar-CO,2023-11-12T18:00:00-07:00,Clear,54,F
Lamar-CO,2023-11-12T19:00:00-07:00,Clear,48,F
Lamar-CO,2023-11-12T20:00:00-07:00,Clear,44,F
Lamar-CO,2023-11-12T21:00:00-07:00,Clear,41,F
Lamar-CO,2023-11-12T22:00:00-07:00,Clear,38,F
Lamar-CO,2023-11-12T23:00:00-07:00,Clear,36,F
Fortcollins-CO,2023-11-11T00:00:00-07:00,Partly cloudy,31,F
Fortcollins-CO,2023-11-11T01:00:00-07:00,Intermittent clouds,30,F
Fortcollins-CO,2023-11-11T02:00:00-07:00,Intermittent clouds,29,F
Fortcollins-CO,2023-11-11T03:00:00-07:00,Intermittent clouds,29,F
Fortcollins-CO,2023-11-11T04:00:00-07:00,Mostly clear,28,F
Fortcollins-CO,2023-11-11T05:00:00-07:00,Mostly clear,28,F
Fortcollins-CO,2023-11-11T06:00:00-07:00,Clear,27,F
Fortcollins-CO,2023-11-11T07:00:00-07:00,Sunny,29,F
Fortcollins-CO,2023-11-11T08:00:00-07:00,Mostly sunny,32,F
Fortcollins-CO,2023-11-11T09:00:00-07:00,Mostly sunny,36,F
Fortcollins-CO,2023-11-11T10:00:00-07:00,Mostly sunny,44,F
Fortcollins-CO,2023-11-11T11:00:00-07:00,Mostly sunny,50,F
Fortcollins-CO,2023-11-11T12:00:00-07:00,Mostly sunny,56,F
Fortcollins-CO,2023-11-11T13:00:00-07:00,Mostly sunny,58,F
Fortcollins-CO,2023-11-11T14:00:00-07:00,Mostly sunny,60,F
Fortcollins-CO,2023-11-11T15:00:00-07:00,Mostly sunny,58,F
Fortcollins-CO,2023-11-11T16:00:00-07:00,Mostly sunny,56,F
Fortcollins-CO,2023-11-11T17:00:00-07:00,Mostly clear,53,F
Fortcollins-CO,2023-11-11T18:00:00-07:00,Mostly clear,49,F
Fortcollins-CO,2023-11-11T19:00:00-07:00,Mostly clear,46,F
Fortcollins-CO,2023-11-11T20:00:00-07:00,Mostly clear,43,F
Fortcollins-CO,2023-11-11T21:00:00-07:00,Clear,40,F
Fortcollins-CO,2023-11-11T22:00:00-07:00,Mostly clear,38,F
Fortcollins-CO,2023-11-11T23:00:00-07:00,Mostly clear,37,F
Fortcollins-CO,2023-11-12T00:00:00-07:00,Mostly clear,35,F
Fortcollins-CO,2023-11-12T01:00:00-07:00,Mostly clear,34,F
Fortcollins-CO,2023-11-12T02:00:00-07:00,Mostly clear,33,F
Fortcollins-CO,2023-11-12T03:00:00-07:00,Clear,33,F
Fortcollins-CO,2023-11-12T04:00:00-07:00,Clear,32,F
Fortcollins-CO,2023-11-12T05:00:00-07:00,Mostly clear,32,F
Fortcollins-CO,2023-11-12T06:00:00-07:00,Mostly clear,31,F
Fortcollins-CO,2023-11-12T07:00:00-07:00,Mostly sunny,33,F
Fortcollins-CO,2023-11-12T08:00:00-07:00,Mostly sunny,36,F
Fortcollins-CO,2023-11-12T09:00:00-07:00,Mostly sunny,40,F
Fortcollins-CO,2023-11-12T10:00:00-07:00,Sunny,48,F
Fortcollins-CO,2023-11-12T11:00:00-07:00,Sunny,52,F
Fortcollins-CO,2023-11-12T12:00:00-07:00,Sunny,59,F
Fortcollins-CO,2023-11-12T13:00:00-07:00,Sunny,61,F
Fortcollins-CO,2023-11-12T14:00:00-07:00,Sunny,62,F
Fortcollins-CO,2023-11-12T15:00:00-07:00,Sunny,61,F
Fortcollins-CO,2023-11-12T16:00:00-07:00,Sunny,58,F
Fortcollins-CO,2023-11-12T17:00:00-07:00,Clear,55,F
Fortcollins-CO,2023-11-12T18:00:00-07:00,Clear,50,F
Fortcollins-CO,2023-11-12T19:00:00-07:00,Clear,47,F
Fortcollins-CO,2023-11-12T20:00:00-07:00,Clear,44,F
Fortcollins-CO,2023-11-12T21:00:00-07:00,Clear,42,F
Fortcollins-CO,2023-11-12T22:00:00-07:00,Clear,40,F
Fortcollins-CO,2023-11-12T23:00:00-07:00,Clear,38,F
Casper-WY,2023-11-11T00:00:00-07:00,Mostly cloudy,39,F
Casper-WY,2023-11-11T01:00:00-07:00,Mostly cloudy,37,F
Casper-WY,2023-11-11T02:00:00-07:00,Mostly cloudy,36,F
Casper-WY,2023-11-11T03:00:00-07:00,Mostly cloudy,34,F
Casper-WY,2023-11-11T04:00:00-07:00,Mostly cloudy,33,F
Casper-WY,2023-11-11T05:00:00-07:00,Mostly cloudy,32,F
Casper-WY,2023-11-11T06:00:00-07:00,Mostly cloudy,30,F
Casper-WY,2023-11-11T07:00:00-07:00,Mostly sunny,31,F
Casper-WY,2023-11-11T08:00:00-07:00,Mostly sunny,34,F
Casper-WY,2023-11-11T09:00:00-07:00,Mostly sunny,37,F
Casper-WY,2023-11-11T10:00:00-07:00,Partly sunny,41,F
Casper-WY,2023-11-11T11:00:00-07:00,Partly sunny,44,F
Casper-WY,2023-11-11T12:00:00-07:00,Partly sunny,50,F
Casper-WY,2023-11-11T13:00:00-07:00,Partly sunny,52,F
Casper-WY,2023-11-11T14:00:00-07:00,Partly sunny,53,F
Casper-WY,2023-11-11T15:00:00-07:00,Partly sunny,52,F
Casper-WY,2023-11-11T16:00:00-07:00,Partly sunny,49,F
Casper-WY,2023-11-11T17:00:00-07:00,Partly cloudy,47,F
Casper-WY,2023-11-11T18:00:00-07:00,Partly cloudy,45,F
Casper-WY,2023-11-11T19:00:00-07:00,Intermittent clouds,44,F
Casper-WY,2023-11-11T20:00:00-07:00,Intermittent clouds,43,F
Casper-WY,2023-11-11T21:00:00-07:00,Intermittent clouds,42,F
Casper-WY,2023-11-11T22:00:00-07:00,Partly cloudy,41,F
Casper-WY,2023-11-11T23:00:00-07:00,Mostly clear,41,F
Casper-WY,2023-11-12T00:00:00-07:00,Mostly clear,42,F
Casper-WY,2023-11-12T01:00:00-07:00,Clear,41,F
Casper-WY,2023-11-12T02:00:00-07:00,Mostly clear,40,F
Casper-WY,2023-11-12T03:00:00-07:00,Mostly clear,39,F
Casper-WY,2023-11-12T04:00:00-07:00,Mostly clear,38,F
Casper-WY,2023-11-12T05:00:00-07:00,Mostly clear,38,F
Casper-WY,2023-11-12T06:00:00-07:00,Mostly clear,37,F
Casper-WY,2023-11-12T07:00:00-07:00,Mostly sunny,37,F
Casper-WY,2023-11-12T08:00:00-07:00,Mostly sunny,38,F
Casper-WY,2023-11-12T09:00:00-07:00,Mostly sunny,43,F
Casper-WY,2023-11-12T10:00:00-07:00,Mostly sunny,47,F
Casper-WY,2023-11-12T11:00:00-07:00,Mostly sunny,51,F
Casper-WY,2023-11-12T12:00:00-07:00,Mostly sunny,55,F
Casper-WY,2023-11-12T13:00:00-07:00,Mostly sunny,57,F
Casper-WY,2023-11-12T14:00:00-07:00,Mostly sunny,59,F
Casper-WY,2023-11-12T15:00:00-07:00,Mostly sunny,57,F
Casper-WY,2023-11-12T16:00:00-07:00,Mostly sunny,54,F
Casper-WY,2023-11-12T17:00:00-07:00,Mostly clear,51,F
Casper-WY,2023-11-12T18:00:00-07:00,Mostly clear,47,F
Casper-WY,2023-11-12T19:00:00-07:00,Mostly clear,44,F
Casper-WY,2023-11-12T20:00:00-07:00,Mostly clear,41,F
Casper-WY,2023-11-12T21:00:00-07:00,Clear,38,F
Casper-WY,2023-11-12T22:00:00-07:00,Clear,36,F
Casper-WY,2023-11-12T23:00:00-07:00,Mostly clear,35,F
Gillette-WY,2023-11-11T00:00:00-07:00,Intermittent clouds,30,F
Gillette-WY,2023-11-11T01:00:00-07:00,Partly cloudy,29,F
Gillette-WY,2023-11-11T02:00:00-07:00,Partly cloudy,28,F
Gillette-WY,2023-11-11T03:00:00-07:00,Partly cloudy,26,F
Gillette-WY,2023-11-11T04:00:00-07:00,Partly cloudy,25,F
Gillette-WY,2023-11-11T05:00:00-07:00,Partly cloudy,24,F
Gillette-WY,2023-11-11T06:00:00-07:00,Partly cloudy,26,F
Gillette-WY,2023-11-11T07:00:00-07:00,Mostly sunny,29,F
Gillette-WY,2023-11-11T08:00:00-07:00,Mostly sunny,33,F
Gillette-WY,2023-11-11T09:00:00-07:00,Mostly sunny,39,F
Gillette-WY,2023-11-11T10:00:00-07:00,Mostly sunny,44,F
Gillette-WY,2023-11-11T11:00:00-07:00,Mostly sunny,46,F
Gillette-WY,2023-11-11T12:00:00-07:00,Mostly sunny,51,F
Gillette-WY,2023-11-11T13:00:00-07:00,Mostly sunny,53,F
Gillette-WY,2023-11-11T14:00:00-07:00,Mostly sunny,55,F
Gillette-WY,2023-11-11T15:00:00-07:00,Partly sunny,53,F
Gillette-WY,2023-11-11T16:00:00-07:00,Intermittent clouds,50,F
Gillette-WY,2023-11-11T17:00:00-07:00,Intermittent clouds,47,F
Gillette-WY,2023-11-11T18:00:00-07:00,Intermittent clouds,44,F
Gillette-WY,2023-11-11T19:00:00-07:00,Mostly clear,42,F
Gillette-WY,2023-11-11T20:00:00-07:00,Mostly clear,42,F
Gillette-WY,2023-11-11T21:00:00-07:00,Mostly clear,43,F
Gillette-WY,2023-11-11T22:00:00-07:00,Mostly clear,42,F
Gillette-WY,2023-11-11T23:00:00-07:00,Mostly clear,42,F
Gillette-WY,2023-11-12T00:00:00-07:00,Partly cloudy,43,F
Gillette-WY,2023-11-12T01:00:00-07:00,Partly cloudy,42,F
Gillette-WY,2023-11-12T02:00:00-07:00,Mostly clear,41,F
Gillette-WY,2023-11-12T03:00:00-07:00,Mostly clear,40,F
Gillette-WY,2023-11-12T04:00:00-07:00,Mostly clear,39,F
Gillette-WY,2023-11-12T05:00:00-07:00,Mostly clear,38,F
Gillette-WY,2023-11-12T06:00:00-07:00,Mostly clear,37,F
Gillette-WY,2023-11-12T07:00:00-07:00,Mostly sunny,38,F
Gillette-WY,2023-11-12T08:00:00-07:00,Mostly sunny,41,F
Gillette-WY,2023-11-12T09:00:00-07:00,Sunny,44,F
Gillette-WY,2023-11-12T10:00:00-07:00,Sunny,49,F
Gillette-WY,2023-11-12T11:00:00-07:00,Sunny,52,F
Gillette-WY,2023-11-12T12:00:00-07:00,Partly sunny,57,F
Gillette-WY,2023-11-12T13:00:00-07:00,Mostly sunny,59,F
Gillette-WY,2023-11-12T14:00:00-07:00,Sunny,60,F
Gillette-WY,2023-11-12T15:00:00-07:00,Sunny,58,F
Gillette-WY,2023-11-12T16:00:00-07:00,Sunny,54,F
Gillette-WY,2023-11-12T17:00:00-07:00,Clear,50,F
Gillette-WY,2023-11-12T18:00:00-07:00,Clear,47,F
Gillette-WY,2023-11-12T19:00:00-07:00,Mostly clear,44,F
Gillette-WY,2023-11-12T20:00:00-07:00,Mostly clear,42,F
Gillette-WY,2023-11-12T21:00:00-07:00,Mostly clear,41,F
Gillette-WY,2023-11-12T22:00:00-07:00,Mostly clear,40,F
Gillette-WY,2023-11-12T23:00:00-07:00,Mostly clear,40,F
Cody-WY,2023-11-11T00:00:00-07:00,Intermittent clouds,36,F
Cody-WY,2023-11-11T01:00:00-07:00,Intermittent clouds,35,F
Cody-WY,2023-11-11T02:00:00-07:00,Mostly cloudy,33,F
Cody-WY,2023-11-11T03:00:00-07:00,Mostly cloudy,34,F
Cody-WY,2023-11-11T04:00:00-07:00,Mostly cloudy,35,F
Cody-WY,2023-11-11T05:00:00-07:00,Mostly cloudy,35,F
Cody-WY,2023-11-11T06:00:00-07:00,Mostly cloudy,35,F
Cody-WY,2023-11-11T07:00:00-07:00,Mostly cloudy,37,F
Cody-WY,2023-11-11T08:00:00-07:00,Cloudy,39,F
Cody-WY,2023-11-11T09:00:00-07:00,Cloudy,42,F
Cody-WY,2023-11-11T10:00:00-07:00,Cloudy,45,F
Cody-WY,2023-11-11T11:00:00-07:00,Cloudy,46,F
Cody-WY,2023-11-11T12:00:00-07:00,Mostly cloudy,50,F
Cody-WY,2023-11-11T13:00:00-07:00,Mostly cloudy,51,F
Cody-WY,2023-11-11T14:00:00-07:00,Cloudy,52,F
Cody-WY,2023-11-11T15:00:00-07:00,Cloudy,51,F
Cody-WY,2023-11-11T16:00:00-07:00,Cloudy,49,F
Cody-WY,2023-11-11T17:00:00-07:00,Cloudy,47,F
Cody-WY,2023-11-11T18:00:00-07:00,Intermittent clouds,45,F
Cody-WY,2023-11-11T19:00:00-07:00,Partly cloudy,44,F
Cody-WY,2023-11-11T20:00:00-07:00,Mostly clear,43,F
Cody-WY,2023-11-11T21:00:00-07:00,Mostly clear,43,F
Cody-WY,2023-11-11T22:00:00-07:00,Mostly clear,43,F
Cody-WY,2023-11-11T23:00:00-07:00,Mostly clear,43,F
Cody-WY,2023-11-12T00:00:00-07:00,Intermittent clouds,45,F
Cody-WY,2023-11-12T01:00:00-07:00,Partly cloudy,44,F
Cody-WY,2023-11-12T02:00:00-07:00,Mostly clear,42,F
Cody-WY,2023-11-12T03:00:00-07:00,Mostly clear,41,F
Cody-WY,2023-11-12T04:00:00-07:00,Mostly clear,40,F
Cody-WY,2023-11-12T05:00:00-07:00,Mostly clear,39,F
Cody-WY,2023-11-12T06:00:00-07:00,Mostly clear,38,F
Cody-WY,2023-11-12T07:00:00-07:00,Mostly clear,38,F
Cody-WY,2023-11-12T08:00:00-07:00,Mostly sunny,38,F
Cody-WY,2023-11-12T09:00:00-07:00,Mostly sunny,42,F
Cody-WY,2023-11-12T10:00:00-07:00,Mostly sunny,46,F
Cody-WY,2023-11-12T11:00:00-07:00,Mostly sunny,49,F
Cody-WY,2023-11-12T12:00:00-07:00,Mostly sunny,55,F
Cody-WY,2023-11-12T13:00:00-07:00,Mostly sunny,56,F
Cody-WY,2023-11-12T14:00:00-07:00,Mostly sunny,55,F
Cody-WY,2023-11-12T15:00:00-07:00,Mostly sunny,53,F
Cody-WY,2023-11-12T16:00:00-07:00,Mostly sunny,50,F
Cody-WY,2023-11-12T17:00:00-07:00,Mostly clear,48,F
Cody-WY,2023-11-12T18:00:00-07:00,Mostly clear,45,F
Cody-WY,2023-11-12T19:00:00-07:00,Mostly clear,43,F
Cody-WY,2023-11-12T20:00:00-07:00,Mostly clear,42,F
Cody-WY,2023-11-12T21:00:00-07:00,Clear,42,F
Cody-WY,2023-11-12T22:00:00-07:00,Mostly clear,43,F
Cody-WY,2023-11-12T23:00:00-07:00,Mostly clear,43,F
Dubois-WY,2023-11-11T02:00:00-05:00,Intermittent clouds,40,F
Dubois-WY,2023-11-11T03:00:00-05:00,Intermittent clouds,39,F
Dubois-WY,2023-11-11T04:00:00-05:00,Intermittent clouds,39,F
Dubois-WY,2023-11-11T05:00:00-05:00,Intermittent clouds,38,F
Dubois-WY,2023-11-11T06:00:00-05:00,Intermittent clouds,37,F
Dubois-WY,2023-11-11T07:00:00-05:00,Mostly cloudy,38,F
Dubois-WY,2023-11-11T08:00:00-05:00,Mostly cloudy,40,F
Dubois-WY,2023-11-11T09:00:00-05:00,Mostly cloudy,42,F
Dubois-WY,2023-11-11T10:00:00-05:00,Mostly cloudy,44,F
Dubois-WY,2023-11-11T11:00:00-05:00,Mostly cloudy,46,F
Dubois-WY,2023-11-11T12:00:00-05:00,Mostly cloudy,47,F
Dubois-WY,2023-11-11T13:00:00-05:00,Mostly cloudy,47,F
Dubois-WY,2023-11-11T14:00:00-05:00,Cloudy,49,F
Dubois-WY,2023-11-11T15:00:00-05:00,Cloudy,48,F
Dubois-WY,2023-11-11T16:00:00-05:00,Cloudy,46,F
Dubois-WY,2023-11-11T17:00:00-05:00,Cloudy,44,F
Dubois-WY,2023-11-11T18:00:00-05:00,Cloudy,44,F
Dubois-WY,2023-11-11T19:00:00-05:00,Mostly cloudy,42,F
Dubois-WY,2023-11-11T20:00:00-05:00,Intermittent clouds,40,F
Dubois-WY,2023-11-11T21:00:00-05:00,Partly cloudy,38,F
Dubois-WY,2023-11-11T22:00:00-05:00,Mostly clear,37,F
Dubois-WY,2023-11-11T23:00:00-05:00,Clear,36,F
Dubois-WY,2023-11-12T00:00:00-05:00,Mostly clear,36,F
Dubois-WY,2023-11-12T01:00:00-05:00,Mostly clear,35,F
Dubois-WY,2023-11-12T02:00:00-05:00,Partly cloudy,33,F
Dubois-WY,2023-11-12T03:00:00-05:00,Intermittent clouds,33,F
Dubois-WY,2023-11-12T04:00:00-05:00,Mostly cloudy,32,F
Dubois-WY,2023-11-12T05:00:00-05:00,Mostly cloudy,32,F
Dubois-WY,2023-11-12T06:00:00-05:00,Mostly cloudy,31,F
Dubois-WY,2023-11-12T07:00:00-05:00,Cloudy,32,F
Dubois-WY,2023-11-12T08:00:00-05:00,Cloudy,33,F
Dubois-WY,2023-11-12T09:00:00-05:00,Cloudy,35,F
Dubois-WY,2023-11-12T10:00:00-05:00,Cloudy,39,F
Dubois-WY,2023-11-12T11:00:00-05:00,Intermittent clouds,42,F
Dubois-WY,2023-11-12T12:00:00-05:00,Partly sunny,45,F
Dubois-WY,2023-11-12T13:00:00-05:00,Mostly sunny,47,F
Dubois-WY,2023-11-12T14:00:00-05:00,Partly sunny,49,F
Dubois-WY,2023-11-12T15:00:00-05:00,Partly sunny,50,F
Dubois-WY,2023-11-12T16:00:00-05:00,Partly sunny,48,F
Dubois-WY,2023-11-12T17:00:00-05:00,Partly cloudy,45,F
Dubois-WY,2023-11-12T18:00:00-05:00,Partly cloudy,42,F
Dubois-WY,2023-11-12T19:00:00-05:00,Clear,40,F
Dubois-WY,2023-11-12T20:00:00-05:00,Clear,37,F
Dubois-WY,2023-11-12T21:00:00-05:00,Clear,34,F
Dubois-WY,2023-11-12T22:00:00-05:00,Clear,33,F
Dubois-WY,2023-11-12T23:00:00-05:00,Clear,34,F
Dubois-WY,2023-11-13T00:00:00-05:00,Clear,35,F
Dubois-WY,2023-11-13T01:00:00-05:00,Clear,34,F
JordanValley-OR,2023-11-11T00:00:00-07:00,Intermittent clouds,31,F
JordanValley-OR,2023-11-11T01:00:00-07:00,Intermittent clouds,32,F
JordanValley-OR,2023-11-11T02:00:00-07:00,Intermittent clouds,32,F
JordanValley-OR,2023-11-11T03:00:00-07:00,Intermittent clouds,32,F
JordanValley-OR,2023-11-11T04:00:00-07:00,Intermittent clouds,33,F
JordanValley-OR,2023-11-11T05:00:00-07:00,Intermittent clouds,33,F
JordanValley-OR,2023-11-11T06:00:00-07:00,Intermittent clouds,33,F
JordanValley-OR,2023-11-11T07:00:00-07:00,Partly cloudy,33,F
JordanValley-OR,2023-11-11T08:00:00-07:00,Partly sunny,35,F
JordanValley-OR,2023-11-11T09:00:00-07:00,Partly sunny,37,F
JordanValley-OR,2023-11-11T10:00:00-07:00,Partly sunny,43,F
JordanValley-OR,2023-11-11T11:00:00-07:00,Partly sunny,47,F
JordanValley-OR,2023-11-11T12:00:00-07:00,Intermittent clouds,52,F
JordanValley-OR,2023-11-11T13:00:00-07:00,Mostly cloudy,54,F
JordanValley-OR,2023-11-11T14:00:00-07:00,Mostly cloudy,56,F
JordanValley-OR,2023-11-11T15:00:00-07:00,Mostly cloudy,58,F
JordanValley-OR,2023-11-11T16:00:00-07:00,Cloudy,55,F
JordanValley-OR,2023-11-11T17:00:00-07:00,Cloudy,51,F
JordanValley-OR,2023-11-11T18:00:00-07:00,Mostly cloudy,48,F
JordanValley-OR,2023-11-11T19:00:00-07:00,Mostly cloudy,44,F
JordanValley-OR,2023-11-11T20:00:00-07:00,Intermittent clouds,41,F
JordanValley-OR,2023-11-11T21:00:00-07:00,Mostly clear,38,F
JordanValley-OR,2023-11-11T22:00:00-07:00,Mostly clear,36,F
JordanValley-OR,2023-11-11T23:00:00-07:00,Mostly clear,35,F
JordanValley-OR,2023-11-12T00:00:00-07:00,Mostly clear,33,F
JordanValley-OR,2023-11-12T01:00:00-07:00,Partly cloudy,32,F
JordanValley-OR,2023-11-12T02:00:00-07:00,Partly cloudy,32,F
JordanValley-OR,2023-11-12T03:00:00-07:00,Partly cloudy,31,F
JordanValley-OR,2023-11-12T04:00:00-07:00,Partly cloudy,30,F
JordanValley-OR,2023-11-12T05:00:00-07:00,Partly cloudy,29,F
JordanValley-OR,2023-11-12T06:00:00-07:00,Partly cloudy,30,F
JordanValley-OR,2023-11-12T07:00:00-07:00,Partly cloudy,31,F
JordanValley-OR,2023-11-12T08:00:00-07:00,Partly sunny,33,F
JordanValley-OR,2023-11-12T09:00:00-07:00,Partly sunny,37,F
JordanValley-OR,2023-11-12T10:00:00-07:00,Mostly sunny,44,F
JordanValley-OR,2023-11-12T11:00:00-07:00,Sunny,49,F
JordanValley-OR,2023-11-12T12:00:00-07:00,Partly sunny,51,F
JordanValley-OR,2023-11-12T13:00:00-07:00,Partly sunny,54,F
JordanValley-OR,2023-11-12T14:00:00-07:00,Intermittent clouds,57,F
JordanValley-OR,2023-11-12T15:00:00-07:00,Intermittent clouds,60,F
JordanValley-OR,2023-11-12T16:00:00-07:00,Mostly cloudy,58,F
JordanValley-OR,2023-11-12T17:00:00-07:00,Mostly cloudy,54,F
JordanValley-OR,2023-11-12T18:00:00-07:00,Mostly cloudy,50,F
JordanValley-OR,2023-11-12T19:00:00-07:00,Intermittent clouds,48,F
JordanValley-OR,2023-11-12T20:00:00-07:00,Intermittent clouds,45,F
JordanValley-OR,2023-11-12T21:00:00-07:00,Intermittent clouds,44,F
JordanValley-OR,2023-11-12T22:00:00-07:00,Intermittent clouds,42,F
JordanValley-OR,2023-11-12T23:00:00-07:00,Intermittent clouds,41,F
Rome-OR,2023-11-11T02:00:00-05:00,Showers,56,F
Rome-OR,2023-11-11T03:00:00-05:00,Cloudy,55,F
Rome-OR,2023-11-11T04:00:00-05:00,Cloudy,54,F
Rome-OR,2023-11-11T05:00:00-05:00,Cloudy,54,F
Rome-OR,2023-11-11T06:00:00-05:00,Cloudy,53,F
Rome-OR,2023-11-11T07:00:00-05:00,Rain,52,F
Rome-OR,2023-11-11T08:00:00-05:00,Cloudy,52,F
Rome-OR,2023-11-11T09:00:00-05:00,Cloudy,54,F
Rome-OR,2023-11-11T10:00:00-05:00,Cloudy,55,F
Rome-OR,2023-11-11T11:00:00-05:00,Rain,56,F
Rome-OR,2023-11-11T12:00:00-05:00,Cloudy,58,F
Rome-OR,2023-11-11T13:00:00-05:00,Cloudy,58,F
Rome-OR,2023-11-11T14:00:00-05:00,Showers,55,F
Rome-OR,2023-11-11T15:00:00-05:00,Cloudy,55,F
Rome-OR,2023-11-11T16:00:00-05:00,Showers,54,F
Rome-OR,2023-11-11T17:00:00-05:00,Showers,54,F
Rome-OR,2023-11-11T18:00:00-05:00,Showers,54,F
Rome-OR,2023-11-11T19:00:00-05:00,Cloudy,55,F
Rome-OR,2023-11-11T20:00:00-05:00,Showers,56,F
Rome-OR,2023-11-11T21:00:00-05:00,Showers,57,F
Rome-OR,2023-11-11T22:00:00-05:00,Cloudy,56,F
Rome-OR,2023-11-11T23:00:00-05:00,Cloudy,56,F
Rome-OR,2023-11-12T00:00:00-05:00,Cloudy,56,F
Rome-OR,2023-11-12T01:00:00-05:00,Cloudy,56,F
Rome-OR,2023-11-12T02:00:00-05:00,Cloudy,54,F
Rome-OR,2023-11-12T03:00:00-05:00,Cloudy,53,F
Rome-OR,2023-11-12T04:00:00-05:00,Cloudy,53,F
Rome-OR,2023-11-12T05:00:00-05:00,Showers,53,F
Rome-OR,2023-11-12T06:00:00-05:00,Showers,52,F
Rome-OR,2023-11-12T07:00:00-05:00,Cloudy,51,F
Rome-OR,2023-11-12T08:00:00-05:00,Showers,52,F
Rome-OR,2023-11-12T09:00:00-05:00,Cloudy,54,F
Rome-OR,2023-11-12T10:00:00-05:00,Cloudy,55,F
Rome-OR,2023-11-12T11:00:00-05:00,Cloudy,57,F
Rome-OR,2023-11-12T12:00:00-05:00,Cloudy,59,F
Rome-OR,2023-11-12T13:00:00-05:00,Cloudy,61,F
Rome-OR,2023-11-12T14:00:00-05:00,Cloudy,61,F
Rome-OR,2023-11-12T15:00:00-05:00,Cloudy,62,F
Rome-OR,2023-11-12T16:00:00-05:00,Cloudy,65,F
Rome-OR,2023-11-12T17:00:00-05:00,Cloudy,62,F
Rome-OR,2023-11-12T18:00:00-05:00,Cloudy,60,F
Rome-OR,2023-11-12T19:00:00-05:00,Cloudy,58,F
Rome-OR,2023-11-12T20:00:00-05:00,Cloudy,55,F
Rome-OR,2023-11-12T21:00:00-05:00,Cloudy,53,F
Rome-OR,2023-11-12T22:00:00-05:00,Cloudy,51,F
Rome-OR,2023-11-12T23:00:00-05:00,Cloudy,50,F
Rome-OR,2023-11-13T00:00:00-05:00,Cloudy,48,F
Rome-OR,2023-11-13T01:00:00-05:00,Mostly clear,47,F
Boise-ID,2023-11-11T00:00:00-07:00,Intermittent clouds,40,F
Boise-ID,2023-11-11T01:00:00-07:00,Intermittent clouds,41,F
Boise-ID,2023-11-11T02:00:00-07:00,Intermittent clouds,41,F
Boise-ID,2023-11-11T03:00:00-07:00,Intermittent clouds,42,F
Boise-ID,2023-11-11T04:00:00-07:00,Intermittent clouds,42,F
Boise-ID,2023-11-11T05:00:00-07:00,Intermittent clouds,42,F
Boise-ID,2023-11-11T06:00:00-07:00,Intermittent clouds,42,F
Boise-ID,2023-11-11T07:00:00-07:00,Partly cloudy,41,F
Boise-ID,2023-11-11T08:00:00-07:00,Partly sunny,39,F
Boise-ID,2023-11-11T09:00:00-07:00,Partly sunny,42,F
Boise-ID,2023-11-11T10:00:00-07:00,Partly sunny,48,F
Boise-ID,2023-11-11T11:00:00-07:00,Partly sunny,51,F
Boise-ID,2023-11-11T12:00:00-07:00,Intermittent clouds,57,F
Boise-ID,2023-11-11T13:00:00-07:00,Partly sunny,58,F
Boise-ID,2023-11-11T14:00:00-07:00,Partly sunny,59,F
Boise-ID,2023-11-11T15:00:00-07:00,Partly sunny,60,F
Boise-ID,2023-11-11T16:00:00-07:00,Partly sunny,58,F
Boise-ID,2023-11-11T17:00:00-07:00,Partly sunny,56,F
Boise-ID,2023-11-11T18:00:00-07:00,Partly cloudy,53,F
Boise-ID,2023-11-11T19:00:00-07:00,Mostly clear,50,F
Boise-ID,2023-11-11T20:00:00-07:00,Mostly clear,48,F
Boise-ID,2023-11-11T21:00:00-07:00,Mostly clear,46,F
Boise-ID,2023-11-11T22:00:00-07:00,Mostly clear,45,F
Boise-ID,2023-11-11T23:00:00-07:00,Mostly clear,45,F
Boise-ID,2023-11-12T00:00:00-07:00,Mostly clear,46,F
Boise-ID,2023-11-12T01:00:00-07:00,Mostly clear,44,F
Boise-ID,2023-11-12T02:00:00-07:00,Mostly clear,42,F
Boise-ID,2023-11-12T03:00:00-07:00,Mostly clear,42,F
Boise-ID,2023-11-12T04:00:00-07:00,Mostly clear,41,F
Boise-ID,2023-11-12T05:00:00-07:00,Mostly clear,40,F
Boise-ID,2023-11-12T06:00:00-07:00,Mostly clear,39,F
Boise-ID,2023-11-12T07:00:00-07:00,Mostly clear,40,F
Boise-ID,2023-11-12T08:00:00-07:00,Mostly sunny,41,F
Boise-ID,2023-11-12T09:00:00-07:00,Mostly sunny,42,F
Boise-ID,2023-11-12T10:00:00-07:00,Mostly sunny,47,F
Boise-ID,2023-11-12T11:00:00-07:00,Sunny,52,F
Boise-ID,2023-11-12T12:00:00-07:00,Partly sunny,58,F
Boise-ID,2023-11-12T13:00:00-07:00,Partly sunny,60,F
Boise-ID,2023-11-12T14:00:00-07:00,Intermittent clouds,62,F
Boise-ID,2023-11-12T15:00:00-07:00,Intermittent clouds,64,F
Boise-ID,2023-11-12T16:00:00-07:00,Mostly cloudy,62,F
Boise-ID,2023-11-12T17:00:00-07:00,Mostly cloudy,59,F
Boise-ID,2023-11-12T18:00:00-07:00,Mostly cloudy,56,F
Boise-ID,2023-11-12T19:00:00-07:00,Mostly clear,53,F
Boise-ID,2023-11-12T20:00:00-07:00,Mostly clear,53,F
Boise-ID,2023-11-12T21:00:00-07:00,Mostly clear,52,F
Boise-ID,2023-11-12T22:00:00-07:00,Mostly clear,51,F
Boise-ID,2023-11-12T23:00:00-07:00,Mostly clear,51,F
Meridian-ID,2023-11-11T00:00:00-07:00,Intermittent clouds,38,F
Meridian-ID,2023-11-11T01:00:00-07:00,Intermittent clouds,39,F
Meridian-ID,2023-11-11T02:00:00-07:00,Intermittent clouds,39,F
Meridian-ID,2023-11-11T03:00:00-07:00,Intermittent clouds,39,F
Meridian-ID,2023-11-11T04:00:00-07:00,Intermittent clouds,39,F
Meridian-ID,2023-11-11T05:00:00-07:00,Intermittent clouds,39,F
Meridian-ID,2023-11-11T06:00:00-07:00,Intermittent clouds,39,F
Meridian-ID,2023-11-11T07:00:00-07:00,Partly cloudy,38,F
Meridian-ID,2023-11-11T08:00:00-07:00,Partly sunny,37,F
Meridian-ID,2023-11-11T09:00:00-07:00,Partly sunny,40,F
Meridian-ID,2023-11-11T10:00:00-07:00,Partly sunny,46,F
Meridian-ID,2023-11-11T11:00:00-07:00,Partly sunny,50,F
Meridian-ID,2023-11-11T12:00:00-07:00,Intermittent clouds,57,F
Meridian-ID,2023-11-11T13:00:00-07:00,Partly sunny,58,F
Meridian-ID,2023-11-11T14:00:00-07:00,Partly sunny,59,F
Meridian-ID,2023-11-11T15:00:00-07:00,Partly sunny,60,F
Meridian-ID,2023-11-11T16:00:00-07:00,Partly sunny,59,F
Meridian-ID,2023-11-11T17:00:00-07:00,Partly sunny,56,F
Meridian-ID,2023-11-11T18:00:00-07:00,Partly cloudy,53,F
Meridian-ID,2023-11-11T19:00:00-07:00,Partly cloudy,50,F
Meridian-ID,2023-11-11T20:00:00-07:00,Partly cloudy,47,F
Meridian-ID,2023-11-11T21:00:00-07:00,Partly cloudy,44,F
Meridian-ID,2023-11-11T22:00:00-07:00,Mostly clear,41,F
Meridian-ID,2023-11-11T23:00:00-07:00,Mostly clear,40,F
Meridian-ID,2023-11-12T00:00:00-07:00,Partly cloudy,41,F
Meridian-ID,2023-11-12T01:00:00-07:00,Partly cloudy,39,F
Meridian-ID,2023-11-12T02:00:00-07:00,Partly cloudy,38,F
Meridian-ID,2023-11-12T03:00:00-07:00,Partly cloudy,37,F
Meridian-ID,2023-11-12T04:00:00-07:00,Partly cloudy,36,F
Meridian-ID,2023-11-12T05:00:00-07:00,Partly cloudy,35,F
Meridian-ID,2023-11-12T06:00:00-07:00,Partly cloudy,35,F
Meridian-ID,2023-11-12T07:00:00-07:00,Partly cloudy,35,F
Meridian-ID,2023-11-12T08:00:00-07:00,Partly sunny,36,F
Meridian-ID,2023-11-12T09:00:00-07:00,Mostly sunny,39,F
Meridian-ID,2023-11-12T10:00:00-07:00,Mostly sunny,44,F
Meridian-ID,2023-11-12T11:00:00-07:00,Mostly sunny,49,F
Meridian-ID,2023-11-12T12:00:00-07:00,Partly sunny,55,F
Meridian-ID,2023-11-12T13:00:00-07:00,Partly sunny,58,F
Meridian-ID,2023-11-12T14:00:00-07:00,Intermittent clouds,60,F
Meridian-ID,2023-11-12T15:00:00-07:00,Intermittent clouds,62,F
Meridian-ID,2023-11-12T16:00:00-07:00,Mostly cloudy,60,F
Meridian-ID,2023-11-12T17:00:00-07:00,Mostly cloudy,57,F
Meridian-ID,2023-11-12T18:00:00-07:00,Mostly cloudy,54,F
Meridian-ID,2023-11-12T19:00:00-07:00,Mostly clear,51,F
Meridian-ID,2023-11-12T20:00:00-07:00,Mostly clear,49,F
Meridian-ID,2023-11-12T21:00:00-07:00,Mostly clear,47,F
Meridian-ID,2023-11-12T22:00:00-07:00,Mostly clear,46,F
Meridian-ID,2023-11-12T23:00:00-07:00,Mostly clear,46,F
Nampa-ID,2023-11-11T00:00:00-07:00,Intermittent clouds,37,F
Nampa-ID,2023-11-11T01:00:00-07:00,Intermittent clouds,38,F
Nampa-ID,2023-11-11T02:00:00-07:00,Intermittent clouds,39,F
Nampa-ID,2023-11-11T03:00:00-07:00,Intermittent clouds,39,F
Nampa-ID,2023-11-11T04:00:00-07:00,Intermittent clouds,39,F
Nampa-ID,2023-11-11T05:00:00-07:00,Intermittent clouds,39,F
Nampa-ID,2023-11-11T06:00:00-07:00,Intermittent clouds,39,F
Nampa-ID,2023-11-11T07:00:00-07:00,Partly cloudy,38,F
Nampa-ID,2023-11-11T08:00:00-07:00,Partly sunny,37,F
Nampa-ID,2023-11-11T09:00:00-07:00,Partly sunny,40,F
Nampa-ID,2023-11-11T10:00:00-07:00,Partly sunny,45,F
Nampa-ID,2023-11-11T11:00:00-07:00,Partly sunny,49,F
Nampa-ID,2023-11-11T12:00:00-07:00,Intermittent clouds,55,F
Nampa-ID,2023-11-11T13:00:00-07:00,Partly sunny,56,F
Nampa-ID,2023-11-11T14:00:00-07:00,Partly sunny,58,F
Nampa-ID,2023-11-11T15:00:00-07:00,Partly sunny,59,F
Nampa-ID,2023-11-11T16:00:00-07:00,Partly sunny,58,F
Nampa-ID,2023-11-11T17:00:00-07:00,Partly sunny,55,F
Nampa-ID,2023-11-11T18:00:00-07:00,Partly cloudy,52,F
Nampa-ID,2023-11-11T19:00:00-07:00,Partly cloudy,50,F
Nampa-ID,2023-11-11T20:00:00-07:00,Partly cloudy,47,F
Nampa-ID,2023-11-11T21:00:00-07:00,Partly cloudy,45,F
Nampa-ID,2023-11-11T22:00:00-07:00,Mostly clear,42,F
Nampa-ID,2023-11-11T23:00:00-07:00,Mostly clear,40,F
Nampa-ID,2023-11-12T00:00:00-07:00,Intermittent clouds,38,F
Nampa-ID,2023-11-12T01:00:00-07:00,Partly cloudy,37,F
Nampa-ID,2023-11-12T02:00:00-07:00,Partly cloudy,37,F
Nampa-ID,2023-11-12T03:00:00-07:00,Partly cloudy,36,F
Nampa-ID,2023-11-12T04:00:00-07:00,Partly cloudy,36,F
Nampa-ID,2023-11-12T05:00:00-07:00,Partly cloudy,37,F
Nampa-ID,2023-11-12T06:00:00-07:00,Partly cloudy,37,F
Nampa-ID,2023-11-12T07:00:00-07:00,Partly cloudy,37,F
Nampa-ID,2023-11-12T08:00:00-07:00,Partly sunny,37,F
Nampa-ID,2023-11-12T09:00:00-07:00,Partly sunny,40,F
Nampa-ID,2023-11-12T10:00:00-07:00,Mostly sunny,44,F
Nampa-ID,2023-11-12T11:00:00-07:00,Mostly sunny,49,F
Nampa-ID,2023-11-12T12:00:00-07:00,Partly sunny,53,F
Nampa-ID,2023-11-12T13:00:00-07:00,Mostly sunny,56,F
Nampa-ID,2023-11-12T14:00:00-07:00,Partly sunny,58,F
Nampa-ID,2023-11-12T15:00:00-07:00,Partly sunny,61,F
Nampa-ID,2023-11-12T16:00:00-07:00,Partly sunny,59,F
Nampa-ID,2023-11-12T17:00:00-07:00,Partly sunny,56,F
Nampa-ID,2023-11-12T18:00:00-07:00,Partly cloudy,54,F
Nampa-ID,2023-11-12T19:00:00-07:00,Partly cloudy,53,F
Nampa-ID,2023-11-12T20:00:00-07:00,Partly cloudy,52,F
Nampa-ID,2023-11-12T21:00:00-07:00,Partly cloudy,50,F
Nampa-ID,2023-11-12T22:00:00-07:00,Partly cloudy,49,F
Nampa-ID,2023-11-12T23:00:00-07:00,Partly cloudy,49,F
IdahoFalls-ID,2023-11-11T00:00:00-07:00,Mostly cloudy,34,F
IdahoFalls-ID,2023-11-11T01:00:00-07:00,Mostly cloudy,33,F
IdahoFalls-ID,2023-11-11T02:00:00-07:00,Cloudy,32,F
IdahoFalls-ID,2023-11-11T03:00:00-07:00,Cloudy,31,F
IdahoFalls-ID,2023-11-11T04:00:00-07:00,Cloudy,31,F
IdahoFalls-ID,2023-11-11T05:00:00-07:00,Cloudy,30,F
IdahoFalls-ID,2023-11-11T06:00:00-07:00,Cloudy,29,F
IdahoFalls-ID,2023-11-11T07:00:00-07:00,Partly cloudy,29,F
IdahoFalls-ID,2023-11-11T08:00:00-07:00,Partly sunny,31,F
IdahoFalls-ID,2023-11-11T09:00:00-07:00,Partly sunny,33,F
IdahoFalls-ID,2023-11-11T10:00:00-07:00,Partly sunny,37,F
IdahoFalls-ID,2023-11-11T11:00:00-07:00,Partly sunny,41,F
IdahoFalls-ID,2023-11-11T12:00:00-07:00,Partly sunny,46,F
IdahoFalls-ID,2023-11-11T13:00:00-07:00,Mostly sunny,48,F
IdahoFalls-ID,2023-11-11T14:00:00-07:00,Partly sunny,50,F
IdahoFalls-ID,2023-11-11T15:00:00-07:00,Intermittent clouds,52,F
IdahoFalls-ID,2023-11-11T16:00:00-07:00,Intermittent clouds,49,F
IdahoFalls-ID,2023-11-11T17:00:00-07:00,Intermittent clouds,47,F
IdahoFalls-ID,2023-11-11T18:00:00-07:00,Intermittent clouds,45,F
IdahoFalls-ID,2023-11-11T19:00:00-07:00,Partly cloudy,43,F
IdahoFalls-ID,2023-11-11T20:00:00-07:00,Mostly clear,42,F
IdahoFalls-ID,2023-11-11T21:00:00-07:00,Mostly clear,40,F
IdahoFalls-ID,2023-11-11T22:00:00-07:00,Mostly clear,39,F
IdahoFalls-ID,2023-11-11T23:00:00-07:00,Mostly clear,38,F
IdahoFalls-ID,2023-11-12T00:00:00-07:00,Partly cloudy,37,F
IdahoFalls-ID,2023-11-12T01:00:00-07:00,Partly cloudy,35,F
IdahoFalls-ID,2023-11-12T02:00:00-07:00,Mostly clear,33,F
IdahoFalls-ID,2023-11-12T03:00:00-07:00,Mostly clear,32,F
IdahoFalls-ID,2023-11-12T04:00:00-07:00,Mostly clear,30,F
IdahoFalls-ID,2023-11-12T05:00:00-07:00,Mostly clear,29,F
IdahoFalls-ID,2023-11-12T06:00:00-07:00,Clear,28,F
IdahoFalls-ID,2023-11-12T07:00:00-07:00,Clear,29,F
IdahoFalls-ID,2023-11-12T08:00:00-07:00,Mostly sunny,30,F
IdahoFalls-ID,2023-11-12T09:00:00-07:00,Mostly sunny,32,F
IdahoFalls-ID,2023-11-12T10:00:00-07:00,Mostly sunny,38,F
IdahoFalls-ID,2023-11-12T11:00:00-07:00,Mostly sunny,43,F
IdahoFalls-ID,2023-11-12T12:00:00-07:00,Sunny,48,F
IdahoFalls-ID,2023-11-12T13:00:00-07:00,Mostly sunny,50,F
IdahoFalls-ID,2023-11-12T14:00:00-07:00,Mostly sunny,52,F
IdahoFalls-ID,2023-11-12T15:00:00-07:00,Mostly sunny,54,F
IdahoFalls-ID,2023-11-12T16:00:00-07:00,Partly sunny,52,F
IdahoFalls-ID,2023-11-12T17:00:00-07:00,Partly sunny,48,F
IdahoFalls-ID,2023-11-12T18:00:00-07:00,Partly cloudy,44,F
IdahoFalls-ID,2023-11-12T19:00:00-07:00,Partly cloudy,41,F
IdahoFalls-ID,2023-11-12T20:00:00-07:00,Partly cloudy,38,F
IdahoFalls-ID,2023-11-12T21:00:00-07:00,Partly cloudy,36,F
IdahoFalls-ID,2023-11-12T22:00:00-07:00,Partly cloudy,35,F
IdahoFalls-ID,2023-11-12T23:00:00-07:00,Partly cloudy,33,F
Pocatello-ID,2023-11-11T00:00:00-07:00,Partly cloudy,33,F
Pocatello-ID,2023-11-11T01:00:00-07:00,Intermittent clouds,29,F
Pocatello-ID,2023-11-11T02:00:00-07:00,Cloudy,27,F
Pocatello-ID,2023-11-11T03:00:00-07:00,Cloudy,28,F
Pocatello-ID,2023-11-11T04:00:00-07:00,Cloudy,29,F
Pocatello-ID,2023-11-11T05:00:00-07:00,Cloudy,30,F
Pocatello-ID,2023-11-11T06:00:00-07:00,Cloudy,30,F
Pocatello-ID,2023-11-11T07:00:00-07:00,Partly cloudy,31,F
Pocatello-ID,2023-11-11T08:00:00-07:00,Partly sunny,32,F
Pocatello-ID,2023-11-11T09:00:00-07:00,Partly sunny,36,F
Pocatello-ID,2023-11-11T10:00:00-07:00,Partly sunny,42,F
Pocatello-ID,2023-11-11T11:00:00-07:00,Partly sunny,46,F
Pocatello-ID,2023-11-11T12:00:00-07:00,Partly sunny,49,F
Pocatello-ID,2023-11-11T13:00:00-07:00,Partly sunny,52,F
Pocatello-ID,2023-11-11T14:00:00-07:00,Partly sunny,55,F
Pocatello-ID,2023-11-11T15:00:00-07:00,Partly sunny,53,F
Pocatello-ID,2023-11-11T16:00:00-07:00,Partly sunny,50,F
Pocatello-ID,2023-11-11T17:00:00-07:00,Partly sunny,48,F
Pocatello-ID,2023-11-11T18:00:00-07:00,Partly cloudy,45,F
Pocatello-ID,2023-11-11T19:00:00-07:00,Partly cloudy,42,F
Pocatello-ID,2023-11-11T20:00:00-07:00,Partly cloudy,41,F
Pocatello-ID,2023-11-11T21:00:00-07:00,Partly cloudy,39,F
Pocatello-ID,2023-11-11T22:00:00-07:00,Mostly clear,38,F
Pocatello-ID,2023-11-11T23:00:00-07:00,Mostly clear,37,F
Pocatello-ID,2023-11-12T00:00:00-07:00,Mostly clear,40,F
Pocatello-ID,2023-11-12T01:00:00-07:00,Mostly clear,37,F
Pocatello-ID,2023-11-12T02:00:00-07:00,Mostly clear,35,F
Pocatello-ID,2023-11-12T03:00:00-07:00,Mostly clear,33,F
Pocatello-ID,2023-11-12T04:00:00-07:00,Mostly clear,32,F
Pocatello-ID,2023-11-12T05:00:00-07:00,Mostly clear,30,F
Pocatello-ID,2023-11-12T06:00:00-07:00,Mostly clear,29,F
Pocatello-ID,2023-11-12T07:00:00-07:00,Clear,31,F
Pocatello-ID,2023-11-12T08:00:00-07:00,Mostly sunny,34,F
Pocatello-ID,2023-11-12T09:00:00-07:00,Mostly sunny,37,F
Pocatello-ID,2023-11-12T10:00:00-07:00,Mostly sunny,44,F
Pocatello-ID,2023-11-12T11:00:00-07:00,Mostly sunny,49,F
Pocatello-ID,2023-11-12T12:00:00-07:00,Mostly sunny,54,F
Pocatello-ID,2023-11-12T13:00:00-07:00,Mostly sunny,57,F
Pocatello-ID,2023-11-12T14:00:00-07:00,Mostly sunny,60,F
Pocatello-ID,2023-11-12T15:00:00-07:00,Mostly sunny,58,F
Pocatello-ID,2023-11-12T16:00:00-07:00,Mostly sunny,55,F
Pocatello-ID,2023-11-12T17:00:00-07:00,Mostly sunny,51,F
Pocatello-ID,2023-11-12T18:00:00-07:00,Partly cloudy,48,F
Pocatello-ID,2023-11-12T19:00:00-07:00,Mostly clear,46,F
Pocatello-ID,2023-11-12T20:00:00-07:00,Mostly clear,43,F
Pocatello-ID,2023-11-12T21:00:00-07:00,Mostly clear,41,F
Pocatello-ID,2023-11-12T22:00:00-07:00,Mostly clear,40,F
Pocatello-ID,2023-11-12T23:00:00-07:00,Mostly clear,39,F
Caldwell-ID,2023-11-11T00:00:00-07:00,Intermittent clouds,40,F
Caldwell-ID,2023-11-11T01:00:00-07:00,Intermittent clouds,39,F
Caldwell-ID,2023-11-11T02:00:00-07:00,Intermittent clouds,38,F
Caldwell-ID,2023-11-11T03:00:00-07:00,Intermittent clouds,38,F
Caldwell-ID,2023-11-11T04:00:00-07:00,Intermittent clouds,38,F
Caldwell-ID,2023-11-11T05:00:00-07:00,Intermittent clouds,39,F
Caldwell-ID,2023-11-11T06:00:00-07:00,Intermittent clouds,38,F
Caldwell-ID,2023-11-11T07:00:00-07:00,Partly cloudy,37,F
Caldwell-ID,2023-11-11T08:00:00-07:00,Partly sunny,36,F
Caldwell-ID,2023-11-11T09:00:00-07:00,Partly sunny,39,F
Caldwell-ID,2023-11-11T10:00:00-07:00,Partly sunny,45,F
Caldwell-ID,2023-11-11T11:00:00-07:00,Partly sunny,48,F
Caldwell-ID,2023-11-11T12:00:00-07:00,Intermittent clouds,53,F
Caldwell-ID,2023-11-11T13:00:00-07:00,Partly sunny,55,F
Caldwell-ID,2023-11-11T14:00:00-07:00,Partly sunny,57,F
Caldwell-ID,2023-11-11T15:00:00-07:00,Partly sunny,58,F
Caldwell-ID,2023-11-11T16:00:00-07:00,Partly sunny,57,F
Caldwell-ID,2023-11-11T17:00:00-07:00,Partly sunny,55,F
Caldwell-ID,2023-11-11T18:00:00-07:00,Partly cloudy,52,F
Caldwell-ID,2023-11-11T19:00:00-07:00,Partly cloudy,50,F
Caldwell-ID,2023-11-11T20:00:00-07:00,Partly cloudy,47,F
Caldwell-ID,2023-11-11T21:00:00-07:00,Partly cloudy,45,F
Caldwell-ID,2023-11-11T22:00:00-07:00,Mostly clear,43,F
Caldwell-ID,2023-11-11T23:00:00-07:00,Partly cloudy,41,F
Caldwell-ID,2023-11-12T00:00:00-07:00,Intermittent clouds,41,F
Caldwell-ID,2023-11-12T01:00:00-07:00,Partly cloudy,40,F
Caldwell-ID,2023-11-12T02:00:00-07:00,Partly cloudy,39,F
Caldwell-ID,2023-11-12T03:00:00-07:00,Partly cloudy,38,F
Caldwell-ID,2023-11-12T04:00:00-07:00,Partly cloudy,37,F
Caldwell-ID,2023-11-12T05:00:00-07:00,Partly cloudy,36,F
Caldwell-ID,2023-11-12T06:00:00-07:00,Partly cloudy,35,F
Caldwell-ID,2023-11-12T07:00:00-07:00,Partly cloudy,36,F
Caldwell-ID,2023-11-12T08:00:00-07:00,Partly sunny,37,F
Caldwell-ID,2023-11-12T09:00:00-07:00,Partly sunny,38,F
Caldwell-ID,2023-11-12T10:00:00-07:00,Mostly sunny,44,F
Caldwell-ID,2023-11-12T11:00:00-07:00,Mostly sunny,48,F
Caldwell-ID,2023-11-12T12:00:00-07:00,Partly sunny,54,F
Caldwell-ID,2023-11-12T13:00:00-07:00,Mostly sunny,56,F
Caldwell-ID,2023-11-12T14:00:00-07:00,Partly sunny,58,F
Caldwell-ID,2023-11-12T15:00:00-07:00,Partly sunny,60,F
Caldwell-ID,2023-11-12T16:00:00-07:00,Partly sunny,59,F
Caldwell-ID,2023-11-12T17:00:00-07:00,Partly sunny,56,F
Caldwell-ID,2023-11-12T18:00:00-07:00,Partly cloudy,54,F
Caldwell-ID,2023-11-12T19:00:00-07:00,Partly cloudy,52,F
Caldwell-ID,2023-11-12T20:00:00-07:00,Partly cloudy,51,F
Caldwell-ID,2023-11-12T21:00:00-07:00,Partly cloudy,49,F
Caldwell-ID,2023-11-12T22:00:00-07:00,Partly cloudy,48,F
Caldwell-ID,2023-11-12T23:00:00-07:00,Partly cloudy,47,F
MillCity-NV,2023-11-10T23:00:00-08:00,Partly cloudy,31,F
MillCity-NV,2023-11-11T00:00:00-08:00,Partly cloudy,30,F
MillCity-NV,2023-11-11T01:00:00-08:00,Partly cloudy,29,F
MillCity-NV,2023-11-11T02:00:00-08:00,Partly cloudy,28,F
MillCity-NV,2023-11-11T03:00:00-08:00,Partly cloudy,27,F
MillCity-NV,2023-11-11T04:00:00-08:00,Partly cloudy,27,F
MillCity-NV,2023-11-11T05:00:00-08:00,Partly cloudy,26,F
MillCity-NV,2023-11-11T06:00:00-08:00,Partly cloudy,25,F
MillCity-NV,2023-11-11T07:00:00-08:00,Mostly sunny,28,F
MillCity-NV,2023-11-11T08:00:00-08:00,Mostly sunny,34,F
MillCity-NV,2023-11-11T09:00:00-08:00,Mostly sunny,40,F
MillCity-NV,2023-11-11T10:00:00-08:00,Mostly sunny,47,F
MillCity-NV,2023-11-11T11:00:00-08:00,Mostly sunny,55,F
MillCity-NV,2023-11-11T12:00:00-08:00,Mostly sunny,58,F
MillCity-NV,2023-11-11T13:00:00-08:00,Mostly sunny,61,F
MillCity-NV,2023-11-11T14:00:00-08:00,Mostly sunny,63,F
MillCity-NV,2023-11-11T15:00:00-08:00,Mostly sunny,60,F
MillCity-NV,2023-11-11T16:00:00-08:00,Mostly sunny,56,F
MillCity-NV,2023-11-11T17:00:00-08:00,Mostly clear,52,F
MillCity-NV,2023-11-11T18:00:00-08:00,Mostly clear,47,F
MillCity-NV,2023-11-11T19:00:00-08:00,Mostly clear,43,F
MillCity-NV,2023-11-11T20:00:00-08:00,Mostly clear,40,F
MillCity-NV,2023-11-11T21:00:00-08:00,Mostly clear,36,F
MillCity-NV,2023-11-11T22:00:00-08:00,Mostly clear,34,F
MillCity-NV,2023-11-11T23:00:00-08:00,Clear,36,F
MillCity-NV,2023-11-12T00:00:00-08:00,Clear,34,F
MillCity-NV,2023-11-12T01:00:00-08:00,Mostly clear,32,F
MillCity-NV,2023-11-12T02:00:00-08:00,Partly cloudy,31,F
MillCity-NV,2023-11-12T03:00:00-08:00,Intermittent clouds,30,F
MillCity-NV,2023-11-12T04:00:00-08:00,Intermittent clouds,29,F
MillCity-NV,2023-11-12T05:00:00-08:00,Intermittent clouds,27,F
MillCity-NV,2023-11-12T06:00:00-08:00,Partly cloudy,26,F
MillCity-NV,2023-11-12T07:00:00-08:00,Mostly sunny,26,F
MillCity-NV,2023-11-12T08:00:00-08:00,Sunny,31,F
MillCity-NV,2023-11-12T09:00:00-08:00,Sunny,40,F
MillCity-NV,2023-11-12T10:00:00-08:00,Mostly sunny,48,F
MillCity-NV,2023-11-12T11:00:00-08:00,Partly sunny,53,F
MillCity-NV,2023-11-12T12:00:00-08:00,Mostly sunny,58,F
MillCity-NV,2023-11-12T13:00:00-08:00,Mostly sunny,61,F
MillCity-NV,2023-11-12T14:00:00-08:00,Mostly sunny,65,F
MillCity-NV,2023-11-12T15:00:00-08:00,Mostly sunny,62,F
MillCity-NV,2023-11-12T16:00:00-08:00,Partly sunny,58,F
MillCity-NV,2023-11-12T17:00:00-08:00,Partly cloudy,53,F
MillCity-NV,2023-11-12T18:00:00-08:00,Partly cloudy,48,F
MillCity-NV,2023-11-12T19:00:00-08:00,Intermittent clouds,45,F
MillCity-NV,2023-11-12T20:00:00-08:00,Intermittent clouds,42,F
MillCity-NV,2023-11-12T21:00:00-08:00,Intermittent clouds,39,F
MillCity-NV,2023-11-12T22:00:00-08:00,Intermittent clouds,37,F
MillCity-NV,2023-11-12T23:00:00-08:00,Intermittent clouds,33,F
Eureka-NV,2023-11-10T23:00:00-08:00,Partly cloudy,22,F
Eureka-NV,2023-11-11T00:00:00-08:00,Mostly clear,21,F
Eureka-NV,2023-11-11T01:00:00-08:00,Mostly clear,20,F
Eureka-NV,2023-11-11T02:00:00-08:00,Mostly clear,20,F
Eureka-NV,2023-11-11T03:00:00-08:00,Mostly clear,19,F
Eureka-NV,2023-11-11T04:00:00-08:00,Mostly clear,18,F
Eureka-NV,2023-11-11T05:00:00-08:00,Mostly clear,18,F
Eureka-NV,2023-11-11T06:00:00-08:00,Mostly clear,17,F
Eureka-NV,2023-11-11T07:00:00-08:00,Mostly sunny,22,F
Eureka-NV,2023-11-11T08:00:00-08:00,Mostly sunny,30,F
Eureka-NV,2023-11-11T09:00:00-08:00,Mostly sunny,38,F
Eureka-NV,2023-11-11T10:00:00-08:00,Mostly sunny,44,F
Eureka-NV,2023-11-11T11:00:00-08:00,Mostly sunny,49,F
Eureka-NV,2023-11-11T12:00:00-08:00,Mostly sunny,52,F
Eureka-NV,2023-11-11T13:00:00-08:00,Mostly sunny,55,F
Eureka-NV,2023-11-11T14:00:00-08:00,Sunny,56,F
Eureka-NV,2023-11-11T15:00:00-08:00,Sunny,58,F
Eureka-NV,2023-11-11T16:00:00-08:00,Sunny,53,F
Eureka-NV,2023-11-11T17:00:00-08:00,Clear,46,F
Eureka-NV,2023-11-11T18:00:00-08:00,Clear,39,F
Eureka-NV,2023-11-11T19:00:00-08:00,Clear,36,F
Eureka-NV,2023-11-11T20:00:00-08:00,Clear,33,F
Eureka-NV,2023-11-11T21:00:00-08:00,Clear,31,F
Eureka-NV,2023-11-11T22:00:00-08:00,Clear,29,F
Eureka-NV,2023-11-11T23:00:00-08:00,Partly cloudy,27,F
Eureka-NV,2023-11-12T00:00:00-08:00,Mostly clear,26,F
Eureka-NV,2023-11-12T01:00:00-08:00,Mostly clear,25,F
Eureka-NV,2023-11-12T02:00:00-08:00,Mostly clear,24,F
Eureka-NV,2023-11-12T03:00:00-08:00,Mostly clear,24,F
Eureka-NV,2023-11-12T04:00:00-08:00,Mostly clear,23,F
Eureka-NV,2023-11-12T05:00:00-08:00,Mostly clear,22,F
Eureka-NV,2023-11-12T06:00:00-08:00,Mostly clear,21,F
Eureka-NV,2023-11-12T07:00:00-08:00,Mostly sunny,26,F
Eureka-NV,2023-11-12T08:00:00-08:00,Sunny,34,F
Eureka-NV,2023-11-12T09:00:00-08:00,Sunny,42,F
Eureka-NV,2023-11-12T10:00:00-08:00,Mostly sunny,48,F
Eureka-NV,2023-11-12T11:00:00-08:00,Partly sunny,49,F
Eureka-NV,2023-11-12T12:00:00-08:00,Mostly sunny,54,F
Eureka-NV,2023-11-12T13:00:00-08:00,Mostly sunny,58,F
Eureka-NV,2023-11-12T14:00:00-08:00,Mostly sunny,61,F
Eureka-NV,2023-11-12T15:00:00-08:00,Mostly sunny,58,F
Eureka-NV,2023-11-12T16:00:00-08:00,Mostly sunny,53,F
Eureka-NV,2023-11-12T17:00:00-08:00,Mostly clear,48,F
Eureka-NV,2023-11-12T18:00:00-08:00,Mostly clear,43,F
Eureka-NV,2023-11-12T19:00:00-08:00,Mostly clear,40,F
Eureka-NV,2023-11-12T20:00:00-08:00,Mostly clear,37,F
Eureka-NV,2023-11-12T21:00:00-08:00,Mostly clear,34,F
Eureka-NV,2023-11-12T22:00:00-08:00,Mostly clear,32,F
Eureka-NV,2023-11-12T23:00:00-08:00,Partly cloudy,38,F
Wells-NV,2023-11-10T23:00:00-08:00,Clear,23,F
Wells-NV,2023-11-11T00:00:00-08:00,Mostly clear,23,F
Wells-NV,2023-11-11T01:00:00-08:00,Mostly clear,22,F
Wells-NV,2023-11-11T02:00:00-08:00,Mostly clear,22,F
Wells-NV,2023-11-11T03:00:00-08:00,Partly cloudy,22,F
Wells-NV,2023-11-11T04:00:00-08:00,Partly cloudy,21,F
Wells-NV,2023-11-11T05:00:00-08:00,Intermittent clouds,21,F
Wells-NV,2023-11-11T06:00:00-08:00,Intermittent clouds,20,F
Wells-NV,2023-11-11T07:00:00-08:00,Intermittent clouds,25,F
Wells-NV,2023-11-11T08:00:00-08:00,Intermittent clouds,31,F
Wells-NV,2023-11-11T09:00:00-08:00,Mostly sunny,38,F
Wells-NV,2023-11-11T10:00:00-08:00,Mostly sunny,43,F
Wells-NV,2023-11-11T11:00:00-08:00,Sunny,47,F
Wells-NV,2023-11-11T12:00:00-08:00,Sunny,50,F
Wells-NV,2023-11-11T13:00:00-08:00,Mostly sunny,52,F
Wells-NV,2023-11-11T14:00:00-08:00,Mostly sunny,54,F
Wells-NV,2023-11-11T15:00:00-08:00,Mostly sunny,52,F
Wells-NV,2023-11-11T16:00:00-08:00,Mostly sunny,48,F
Wells-NV,2023-11-11T17:00:00-08:00,Clear,44,F
Wells-NV,2023-11-11T18:00:00-08:00,Clear,41,F
Wells-NV,2023-11-11T19:00:00-08:00,Clear,38,F
Wells-NV,2023-11-11T20:00:00-08:00,Clear,35,F
Wells-NV,2023-11-11T21:00:00-08:00,Clear,32,F
Wells-NV,2023-11-11T22:00:00-08:00,Clear,31,F
Wells-NV,2023-11-11T23:00:00-08:00,Clear,30,F
Wells-NV,2023-11-12T00:00:00-08:00,Clear,30,F
Wells-NV,2023-11-12T01:00:00-08:00,Clear,29,F
Wells-NV,2023-11-12T02:00:00-08:00,Clear,28,F
Wells-NV,2023-11-12T03:00:00-08:00,Clear,28,F
Wells-NV,2023-11-12T04:00:00-08:00,Mostly clear,27,F
Wells-NV,2023-11-12T05:00:00-08:00,Mostly clear,26,F
Wells-NV,2023-11-12T06:00:00-08:00,Mostly clear,26,F
Wells-NV,2023-11-12T07:00:00-08:00,Mostly sunny,29,F
Wells-NV,2023-11-12T08:00:00-08:00,Mostly sunny,35,F
Wells-NV,2023-11-12T09:00:00-08:00,Mostly sunny,43,F
Wells-NV,2023-11-12T10:00:00-08:00,Mostly sunny,49,F
Wells-NV,2023-11-12T11:00:00-08:00,Sunny,53,F
Wells-NV,2023-11-12T12:00:00-08:00,Sunny,56,F
Wells-NV,2023-11-12T13:00:00-08:00,Mostly sunny,58,F
Wells-NV,2023-11-12T14:00:00-08:00,Mostly sunny,60,F
Wells-NV,2023-11-12T15:00:00-08:00,Mostly sunny,57,F
Wells-NV,2023-11-12T16:00:00-08:00,Mostly sunny,53,F
Wells-NV,2023-11-12T17:00:00-08:00,Mostly clear,48,F
Wells-NV,2023-11-12T18:00:00-08:00,Mostly clear,45,F
Wells-NV,2023-11-12T19:00:00-08:00,Partly cloudy,42,F
Wells-NV,2023-11-12T20:00:00-08:00,Partly cloudy,40,F
Wells-NV,2023-11-12T21:00:00-08:00,Partly cloudy,37,F
Wells-NV,2023-11-12T22:00:00-08:00,Partly cloudy,36,F
Wells-NV,2023-11-12T23:00:00-08:00,Partly cloudy,35,F
Jackpot-NV,2023-11-10T23:00:00-08:00,Mostly clear,27,F
Jackpot-NV,2023-11-11T00:00:00-08:00,Partly cloudy,27,F
Jackpot-NV,2023-11-11T01:00:00-08:00,Partly cloudy,27,F
Jackpot-NV,2023-11-11T02:00:00-08:00,Partly cloudy,27,F
Jackpot-NV,2023-11-11T03:00:00-08:00,Partly cloudy,27,F
Jackpot-NV,2023-11-11T04:00:00-08:00,Partly cloudy,27,F
Jackpot-NV,2023-11-11T05:00:00-08:00,Partly cloudy,27,F
Jackpot-NV,2023-11-11T06:00:00-08:00,Partly cloudy,27,F
Jackpot-NV,2023-11-11T07:00:00-08:00,Partly sunny,29,F
Jackpot-NV,2023-11-11T08:00:00-08:00,Partly sunny,33,F
Jackpot-NV,2023-11-11T09:00:00-08:00,Partly sunny,40,F
Jackpot-NV,2023-11-11T10:00:00-08:00,Partly sunny,45,F
Jackpot-NV,2023-11-11T11:00:00-08:00,Sunny,49,F
Jackpot-NV,2023-11-11T12:00:00-08:00,Sunny,51,F
Jackpot-NV,2023-11-11T13:00:00-08:00,Mostly sunny,54,F
Jackpot-NV,2023-11-11T14:00:00-08:00,Partly sunny,56,F
Jackpot-NV,2023-11-11T15:00:00-08:00,Intermittent clouds,54,F
Jackpot-NV,2023-11-11T16:00:00-08:00,Intermittent clouds,50,F
Jackpot-NV,2023-11-11T17:00:00-08:00,Intermittent clouds,47,F
Jackpot-NV,2023-11-11T18:00:00-08:00,Partly cloudy,43,F
Jackpot-NV,2023-11-11T19:00:00-08:00,Mostly clear,40,F
Jackpot-NV,2023-11-11T20:00:00-08:00,Clear,37,F
Jackpot-NV,2023-11-11T21:00:00-08:00,Clear,34,F
Jackpot-NV,2023-11-11T22:00:00-08:00,Clear,32,F
Jackpot-NV,2023-11-11T23:00:00-08:00,Clear,35,F
Jackpot-NV,2023-11-12T00:00:00-08:00,Clear,34,F
Jackpot-NV,2023-11-12T01:00:00-08:00,Clear,33,F
Jackpot-NV,2023-11-12T02:00:00-08:00,Clear,32,F
Jackpot-NV,2023-11-12T03:00:00-08:00,Clear,30,F
Jackpot-NV,2023-11-12T04:00:00-08:00,Mostly clear,30,F
Jackpot-NV,2023-11-12T05:00:00-08:00,Mostly clear,29,F
Jackpot-NV,2023-11-12T06:00:00-08:00,Mostly clear,28,F
Jackpot-NV,2023-11-12T07:00:00-08:00,Mostly sunny,30,F
Jackpot-NV,2023-11-12T08:00:00-08:00,Mostly sunny,34,F
Jackpot-NV,2023-11-12T09:00:00-08:00,Mostly sunny,41,F
Jackpot-NV,2023-11-12T10:00:00-08:00,Mostly sunny,45,F
Jackpot-NV,2023-11-12T11:00:00-08:00,Mostly sunny,48,F
Jackpot-NV,2023-11-12T12:00:00-08:00,Mostly sunny,52,F
Jackpot-NV,2023-11-12T13:00:00-08:00,Mostly sunny,56,F
Jackpot-NV,2023-11-12T14:00:00-08:00,Mostly sunny,54,F
Jackpot-NV,2023-11-12T15:00:00-08:00,Mostly sunny,52,F
Jackpot-NV,2023-11-12T16:00:00-08:00,Mostly sunny,49,F
Jackpot-NV,2023-11-12T17:00:00-08:00,Partly cloudy,46,F
Jackpot-NV,2023-11-12T18:00:00-08:00,Partly cloudy,43,F
Jackpot-NV,2023-11-12T19:00:00-08:00,Mostly clear,40,F
Jackpot-NV,2023-11-12T20:00:00-08:00,Mostly clear,40,F
Jackpot-NV,2023-11-12T21:00:00-08:00,Mostly clear,37,F
Jackpot-NV,2023-11-12T22:00:00-08:00,Mostly clear,37,F
Jackpot-NV,2023-11-12T23:00:00-08:00,Mostly clear,40,F
Tribune-NV,2023-11-11T00:00:00-07:00,Clear,33,F
Tribune-NV,2023-11-11T01:00:00-07:00,Clear,32,F
Tribune-NV,2023-11-11T02:00:00-07:00,Clear,32,F
Tribune-NV,2023-11-11T03:00:00-07:00,Clear,31,F
Tribune-NV,2023-11-11T04:00:00-07:00,Clear,30,F
Tribune-NV,2023-11-11T05:00:00-07:00,Mostly clear,30,F
Tribune-NV,2023-11-11T06:00:00-07:00,Mostly clear,29,F
Tribune-NV,2023-11-11T07:00:00-07:00,Mostly sunny,32,F
Tribune-NV,2023-11-11T08:00:00-07:00,Mostly sunny,37,F
Tribune-NV,2023-11-11T09:00:00-07:00,Mostly sunny,42,F
Tribune-NV,2023-11-11T10:00:00-07:00,Mostly sunny,47,F
Tribune-NV,2023-11-11T11:00:00-07:00,Mostly sunny,51,F
Tribune-NV,2023-11-11T12:00:00-07:00,Mostly sunny,58,F
Tribune-NV,2023-11-11T13:00:00-07:00,Sunny,60,F
Tribune-NV,2023-11-11T14:00:00-07:00,Sunny,61,F
Tribune-NV,2023-11-11T15:00:00-07:00,Sunny,59,F
Tribune-NV,2023-11-11T16:00:00-07:00,Sunny,56,F
Tribune-NV,2023-11-11T17:00:00-07:00,Clear,53,F
Tribune-NV,2023-11-11T18:00:00-07:00,Clear,48,F
Tribune-NV,2023-11-11T19:00:00-07:00,Clear,44,F
Tribune-NV,2023-11-11T20:00:00-07:00,Clear,42,F
Tribune-NV,2023-11-11T21:00:00-07:00,Clear,40,F
Tribune-NV,2023-11-11T22:00:00-07:00,Clear,38,F
Tribune-NV,2023-11-11T23:00:00-07:00,Clear,37,F
Tribune-NV,2023-11-12T00:00:00-07:00,Clear,35,F
Tribune-NV,2023-11-12T01:00:00-07:00,Clear,35,F
Tribune-NV,2023-11-12T02:00:00-07:00,Clear,34,F
Tribune-NV,2023-11-12T03:00:00-07:00,Clear,33,F
Tribune-NV,2023-11-12T04:00:00-07:00,Clear,33,F
Tribune-NV,2023-11-12T05:00:00-07:00,Clear,32,F
Tribune-NV,2023-11-12T06:00:00-07:00,Clear,32,F
Tribune-NV,2023-11-12T07:00:00-07:00,Sunny,35,F
Tribune-NV,2023-11-12T08:00:00-07:00,Sunny,41,F
Tribune-NV,2023-11-12T09:00:00-07:00,Sunny,47,F
Tribune-NV,2023-11-12T10:00:00-07:00,Sunny,56,F
Tribune-NV,2023-11-12T11:00:00-07:00,Sunny,62,F
Tribune-NV,2023-11-12T12:00:00-07:00,Sunny,69,F
Tribune-NV,2023-11-12T13:00:00-07:00,Sunny,70,F
Tribune-NV,2023-11-12T14:00:00-07:00,Sunny,69,F
Tribune-NV,2023-11-12T15:00:00-07:00,Sunny,66,F
Tribune-NV,2023-11-12T16:00:00-07:00,Sunny,63,F
Tribune-NV,2023-11-12T17:00:00-07:00,Clear,58,F
Tribune-NV,2023-11-12T18:00:00-07:00,Clear,52,F
Tribune-NV,2023-11-12T19:00:00-07:00,Clear,48,F
Tribune-NV,2023-11-12T20:00:00-07:00,Clear,46,F
Tribune-NV,2023-11-12T21:00:00-07:00,Clear,43,F
Tribune-NV,2023-11-12T22:00:00-07:00,Clear,40,F
Tribune-NV,2023-11-12T23:00:00-07:00,Clear,39,F
SharonSprings-KS,2023-11-11T00:00:00-07:00,Clear,34,F
SharonSprings-KS,2023-11-11T01:00:00-07:00,Clear,33,F
SharonSprings-KS,2023-11-11T02:00:00-07:00,Clear,32,F
SharonSprings-KS,2023-11-11T03:00:00-07:00,Clear,31,F
SharonSprings-KS,2023-11-11T04:00:00-07:00,Clear,30,F
SharonSprings-KS,2023-11-11T05:00:00-07:00,Mostly clear,30,F
SharonSprings-KS,2023-11-11T06:00:00-07:00,Mostly clear,29,F
SharonSprings-KS,2023-11-11T07:00:00-07:00,Mostly sunny,32,F
SharonSprings-KS,2023-11-11T08:00:00-07:00,Mostly sunny,37,F
SharonSprings-KS,2023-11-11T09:00:00-07:00,Mostly sunny,42,F
SharonSprings-KS,2023-11-11T10:00:00-07:00,Mostly sunny,48,F
SharonSprings-KS,2023-11-11T11:00:00-07:00,Mostly sunny,52,F
SharonSprings-KS,2023-11-11T12:00:00-07:00,Mostly sunny,59,F
SharonSprings-KS,2023-11-11T13:00:00-07:00,Sunny,61,F
SharonSprings-KS,2023-11-11T14:00:00-07:00,Sunny,63,F
SharonSprings-KS,2023-11-11T15:00:00-07:00,Sunny,61,F
SharonSprings-KS,2023-11-11T16:00:00-07:00,Sunny,58,F
SharonSprings-KS,2023-11-11T17:00:00-07:00,Clear,54,F
SharonSprings-KS,2023-11-11T18:00:00-07:00,Clear,49,F
SharonSprings-KS,2023-11-11T19:00:00-07:00,Clear,46,F
SharonSprings-KS,2023-11-11T20:00:00-07:00,Clear,43,F
SharonSprings-KS,2023-11-11T21:00:00-07:00,Clear,42,F
SharonSprings-KS,2023-11-11T22:00:00-07:00,Clear,40,F
SharonSprings-KS,2023-11-11T23:00:00-07:00,Clear,39,F
SharonSprings-KS,2023-11-12T00:00:00-07:00,Clear,38,F
SharonSprings-KS,2023-11-12T01:00:00-07:00,Clear,37,F
SharonSprings-KS,2023-11-12T02:00:00-07:00,Clear,37,F
SharonSprings-KS,2023-11-12T03:00:00-07:00,Clear,36,F
SharonSprings-KS,2023-11-12T04:00:00-07:00,Clear,35,F
SharonSprings-KS,2023-11-12T05:00:00-07:00,Clear,34,F
SharonSprings-KS,2023-11-12T06:00:00-07:00,Clear,33,F
SharonSprings-KS,2023-11-12T07:00:00-07:00,Sunny,36,F
SharonSprings-KS,2023-11-12T08:00:00-07:00,Sunny,42,F
SharonSprings-KS,2023-11-12T09:00:00-07:00,Sunny,48,F
SharonSprings-KS,2023-11-12T10:00:00-07:00,Sunny,57,F
SharonSprings-KS,2023-11-12T11:00:00-07:00,Sunny,62,F
SharonSprings-KS,2023-11-12T12:00:00-07:00,Sunny,68,F
SharonSprings-KS,2023-11-12T13:00:00-07:00,Sunny,70,F
SharonSprings-KS,2023-11-12T14:00:00-07:00,Sunny,68,F
SharonSprings-KS,2023-11-12T15:00:00-07:00,Sunny,65,F
SharonSprings-KS,2023-11-12T16:00:00-07:00,Sunny,63,F
SharonSprings-KS,2023-11-12T17:00:00-07:00,Clear,57,F
SharonSprings-KS,2023-11-12T18:00:00-07:00,Clear,49,F
SharonSprings-KS,2023-11-12T19:00:00-07:00,Clear,46,F
SharonSprings-KS,2023-11-12T20:00:00-07:00,Clear,43,F
SharonSprings-KS,2023-11-12T21:00:00-07:00,Clear,40,F
SharonSprings-KS,2023-11-12T22:00:00-07:00,Clear,38,F
SharonSprings-KS,2023-11-12T23:00:00-07:00,Clear,36,F
Loeti-KS,2023-11-11T01:00:00-06:00,Mostly clear,37,F
Loeti-KS,2023-11-11T02:00:00-06:00,Mostly clear,36,F
Loeti-KS,2023-11-11T03:00:00-06:00,Mostly clear,35,F
Loeti-KS,2023-11-11T04:00:00-06:00,Mostly clear,34,F
Loeti-KS,2023-11-11T05:00:00-06:00,Mostly clear,33,F
Loeti-KS,2023-11-11T06:00:00-06:00,Clear,33,F
Loeti-KS,2023-11-11T07:00:00-06:00,Mostly clear,34,F
Loeti-KS,2023-11-11T08:00:00-06:00,Mostly sunny,35,F
Loeti-KS,2023-11-11T09:00:00-06:00,Mostly sunny,37,F
Loeti-KS,2023-11-11T10:00:00-06:00,Mostly sunny,43,F
Loeti-KS,2023-11-11T11:00:00-06:00,Mostly sunny,48,F
Loeti-KS,2023-11-11T12:00:00-06:00,Mostly sunny,52,F
Loeti-KS,2023-11-11T13:00:00-06:00,Sunny,58,F
Loeti-KS,2023-11-11T14:00:00-06:00,Sunny,60,F
Loeti-KS,2023-11-11T15:00:00-06:00,Sunny,61,F
Loeti-KS,2023-11-11T16:00:00-06:00,Sunny,59,F
Loeti-KS,2023-11-11T17:00:00-06:00,Sunny,56,F
Loeti-KS,2023-11-11T18:00:00-06:00,Clear,53,F
Loeti-KS,2023-11-11T19:00:00-06:00,Clear,48,F
Loeti-KS,2023-11-11T20:00:00-06:00,Clear,45,F
Loeti-KS,2023-11-11T21:00:00-06:00,Clear,42,F
Loeti-KS,2023-11-11T22:00:00-06:00,Clear,39,F
Loeti-KS,2023-11-11T23:00:00-06:00,Clear,39,F
Loeti-KS,2023-11-12T00:00:00-06:00,Clear,38,F
Loeti-KS,2023-11-12T01:00:00-06:00,Clear,37,F
Loeti-KS,2023-11-12T02:00:00-06:00,Clear,36,F
Loeti-KS,2023-11-12T03:00:00-06:00,Clear,35,F
Loeti-KS,2023-11-12T04:00:00-06:00,Clear,34,F
Loeti-KS,2023-11-12T05:00:00-06:00,Clear,33,F
Loeti-KS,2023-11-12T06:00:00-06:00,Clear,32,F
Loeti-KS,2023-11-12T07:00:00-06:00,Clear,34,F
Loeti-KS,2023-11-12T08:00:00-06:00,Sunny,36,F
Loeti-KS,2023-11-12T09:00:00-06:00,Sunny,38,F
Loeti-KS,2023-11-12T10:00:00-06:00,Sunny,47,F
Loeti-KS,2023-11-12T11:00:00-06:00,Sunny,56,F
Loeti-KS,2023-11-12T12:00:00-06:00,Sunny,61,F
Loeti-KS,2023-11-12T13:00:00-06:00,Sunny,69,F
Loeti-KS,2023-11-12T14:00:00-06:00,Sunny,71,F
Loeti-KS,2023-11-12T15:00:00-06:00,Sunny,69,F
Loeti-KS,2023-11-12T16:00:00-06:00,Sunny,67,F
Loeti-KS,2023-11-12T17:00:00-06:00,Sunny,64,F
Loeti-KS,2023-11-12T18:00:00-06:00,Clear,60,F
Loeti-KS,2023-11-12T19:00:00-06:00,Clear,54,F
Loeti-KS,2023-11-12T20:00:00-06:00,Clear,50,F
Loeti-KS,2023-11-12T21:00:00-06:00,Clear,47,F
Loeti-KS,2023-11-12T22:00:00-06:00,Clear,44,F
Loeti-KS,2023-11-12T23:00:00-06:00,Clear,41,F
Loeti-KS,2023-11-13T00:00:00-06:00,Clear,38,F
Loeti-KS,2023-11-13T01:00:00-06:00,Clear,35,F
Montello-NV,2023-11-10T23:00:00-08:00,Mostly clear,25,F
Montello-NV,2023-11-11T00:00:00-08:00,Mostly clear,24,F
Montello-NV,2023-11-11T01:00:00-08:00,Mostly clear,24,F
Montello-NV,2023-11-11T02:00:00-08:00,Mostly clear,24,F
Montello-NV,2023-11-11T03:00:00-08:00,Mostly clear,24,F
Montello-NV,2023-11-11T04:00:00-08:00,Mostly clear,24,F
Montello-NV,2023-11-11T05:00:00-08:00,Mostly clear,24,F
Montello-NV,2023-11-11T06:00:00-08:00,Mostly clear,24,F
Montello-NV,2023-11-11T07:00:00-08:00,Mostly sunny,27,F
Montello-NV,2023-11-11T08:00:00-08:00,Mostly sunny,33,F
Montello-NV,2023-11-11T09:00:00-08:00,Mostly sunny,39,F
Montello-NV,2023-11-11T10:00:00-08:00,Mostly sunny,43,F
Montello-NV,2023-11-11T11:00:00-08:00,Mostly sunny,48,F
Montello-NV,2023-11-11T12:00:00-08:00,Sunny,50,F
Montello-NV,2023-11-11T13:00:00-08:00,Mostly sunny,52,F
Montello-NV,2023-11-11T14:00:00-08:00,Mostly sunny,54,F
Montello-NV,2023-11-11T15:00:00-08:00,Mostly sunny,51,F
Montello-NV,2023-11-11T16:00:00-08:00,Mostly sunny,48,F
Montello-NV,2023-11-11T17:00:00-08:00,Mostly clear,44,F
Montello-NV,2023-11-11T18:00:00-08:00,Mostly clear,40,F
Montello-NV,2023-11-11T19:00:00-08:00,Clear,38,F
Montello-NV,2023-11-11T20:00:00-08:00,Clear,35,F
Montello-NV,2023-11-11T21:00:00-08:00,Clear,33,F
Montello-NV,2023-11-11T22:00:00-08:00,Clear,32,F
Montello-NV,2023-11-11T23:00:00-08:00,Clear,28,F
Montello-NV,2023-11-12T00:00:00-08:00,Clear,27,F
Montello-NV,2023-11-12T01:00:00-08:00,Clear,27,F
Montello-NV,2023-11-12T02:00:00-08:00,Clear,27,F
Montello-NV,2023-11-12T03:00:00-08:00,Clear,27,F
Montello-NV,2023-11-12T04:00:00-08:00,Clear,27,F
Montello-NV,2023-11-12T05:00:00-08:00,Clear,27,F
Montello-NV,2023-11-12T06:00:00-08:00,Clear,27,F
Montello-NV,2023-11-12T07:00:00-08:00,Mostly sunny,29,F
Montello-NV,2023-11-12T08:00:00-08:00,Sunny,33,F
Montello-NV,2023-11-12T09:00:00-08:00,Sunny,39,F
Montello-NV,2023-11-12T10:00:00-08:00,Mostly sunny,43,F
Montello-NV,2023-11-12T11:00:00-08:00,Mostly sunny,49,F
Montello-NV,2023-11-12T12:00:00-08:00,Mostly sunny,52,F
Montello-NV,2023-11-12T13:00:00-08:00,Mostly sunny,54,F
Montello-NV,2023-11-12T14:00:00-08:00,Mostly sunny,52,F
Montello-NV,2023-11-12T15:00:00-08:00,Mostly sunny,50,F
Montello-NV,2023-11-12T16:00:00-08:00,Mostly sunny,47,F
Montello-NV,2023-11-12T17:00:00-08:00,Mostly clear,44,F
Montello-NV,2023-11-12T18:00:00-08:00,Mostly clear,41,F
Montello-NV,2023-11-12T19:00:00-08:00,Mostly clear,38,F
Montello-NV,2023-11-12T20:00:00-08:00,Mostly clear,35,F
Montello-NV,2023-11-12T21:00:00-08:00,Mostly clear,34,F
Montello-NV,2023-11-12T22:00:00-08:00,Mostly clear,34,F
Montello-NV,2023-11-12T23:00:00-08:00,Mostly clear,33,F
Owyhee-NV,2023-11-10T23:00:00-08:00,Mostly clear,35,F
Owyhee-NV,2023-11-11T00:00:00-08:00,Mostly clear,34,F
Owyhee-NV,2023-11-11T01:00:00-08:00,Mostly clear,34,F
Owyhee-NV,2023-11-11T02:00:00-08:00,Mostly clear,33,F
Owyhee-NV,2023-11-11T03:00:00-08:00,Mostly clear,33,F
Owyhee-NV,2023-11-11T04:00:00-08:00,Mostly clear,32,F
Owyhee-NV,2023-11-11T05:00:00-08:00,Mostly clear,32,F
Owyhee-NV,2023-11-11T06:00:00-08:00,Mostly clear,31,F
Owyhee-NV,2023-11-11T07:00:00-08:00,Intermittent clouds,33,F
Owyhee-NV,2023-11-11T08:00:00-08:00,Intermittent clouds,36,F
Owyhee-NV,2023-11-11T09:00:00-08:00,Partly sunny,42,F
Owyhee-NV,2023-11-11T10:00:00-08:00,Partly sunny,46,F
Owyhee-NV,2023-11-11T11:00:00-08:00,Mostly sunny,49,F
Owyhee-NV,2023-11-11T12:00:00-08:00,Mostly sunny,51,F
Owyhee-NV,2023-11-11T13:00:00-08:00,Partly sunny,52,F
Owyhee-NV,2023-11-11T14:00:00-08:00,Partly sunny,54,F
Owyhee-NV,2023-11-11T15:00:00-08:00,Partly sunny,52,F
Owyhee-NV,2023-11-11T16:00:00-08:00,Partly sunny,49,F
Owyhee-NV,2023-11-11T17:00:00-08:00,Partly cloudy,45,F
Owyhee-NV,2023-11-11T18:00:00-08:00,Partly cloudy,43,F
Owyhee-NV,2023-11-11T19:00:00-08:00,Partly cloudy,40,F
Owyhee-NV,2023-11-11T20:00:00-08:00,Mostly clear,38,F
Owyhee-NV,2023-11-11T21:00:00-08:00,Mostly clear,37,F
Owyhee-NV,2023-11-11T22:00:00-08:00,Clear,36,F
Owyhee-NV,2023-11-11T23:00:00-08:00,Clear,33,F
Owyhee-NV,2023-11-12T00:00:00-08:00,Clear,33,F
Owyhee-NV,2023-11-12T01:00:00-08:00,Clear,33,F
Owyhee-NV,2023-11-12T02:00:00-08:00,Mostly clear,32,F
Owyhee-NV,2023-11-12T03:00:00-08:00,Mostly clear,32,F
Owyhee-NV,2023-11-12T04:00:00-08:00,Mostly clear,32,F
Owyhee-NV,2023-11-12T05:00:00-08:00,Mostly clear,32,F
Owyhee-NV,2023-11-12T06:00:00-08:00,Partly cloudy,33,F
Owyhee-NV,2023-11-12T07:00:00-08:00,Mostly sunny,34,F
Owyhee-NV,2023-11-12T08:00:00-08:00,Mostly sunny,38,F
Owyhee-NV,2023-11-12T09:00:00-08:00,Mostly sunny,46,F
Owyhee-NV,2023-11-12T10:00:00-08:00,Mostly sunny,51,F
Owyhee-NV,2023-11-12T11:00:00-08:00,Mostly sunny,56,F
Owyhee-NV,2023-11-12T12:00:00-08:00,Mostly sunny,59,F
Owyhee-NV,2023-11-12T13:00:00-08:00,Mostly sunny,61,F
Owyhee-NV,2023-11-12T14:00:00-08:00,Mostly sunny,59,F
Owyhee-NV,2023-11-12T15:00:00-08:00,Mostly sunny,57,F
Owyhee-NV,2023-11-12T16:00:00-08:00,Mostly sunny,54,F
Owyhee-NV,2023-11-12T17:00:00-08:00,Mostly clear,51,F
Owyhee-NV,2023-11-12T18:00:00-08:00,Mostly clear,49,F
Owyhee-NV,2023-11-12T19:00:00-08:00,Mostly clear,46,F
Owyhee-NV,2023-11-12T20:00:00-08:00,Mostly clear,44,F
Owyhee-NV,2023-11-12T21:00:00-08:00,Mostly clear,43,F
Owyhee-NV,2023-11-12T22:00:00-08:00,Mostly clear,42,F
Owyhee-NV,2023-11-12T23:00:00-08:00,Mostly clear,43,F
Eugene-OR,2023-11-10T23:00:00-08:00,Cloudy,47,F
Eugene-OR,2023-11-11T00:00:00-08:00,Cloudy,47,F
Eugene-OR,2023-11-11T01:00:00-08:00,Cloudy,48,F
Eugene-OR,2023-11-11T02:00:00-08:00,Cloudy,49,F
Eugene-OR,2023-11-11T03:00:00-08:00,Cloudy,49,F
Eugene-OR,2023-11-11T04:00:00-08:00,Cloudy,49,F
Eugene-OR,2023-11-11T05:00:00-08:00,Cloudy,50,F
Eugene-OR,2023-11-11T06:00:00-08:00,Cloudy,51,F
Eugene-OR,2023-11-11T07:00:00-08:00,Cloudy,51,F
Eugene-OR,2023-11-11T08:00:00-08:00,Cloudy,52,F
Eugene-OR,2023-11-11T09:00:00-08:00,Rain,54,F
Eugene-OR,2023-11-11T10:00:00-08:00,Cloudy,55,F
Eugene-OR,2023-11-11T11:00:00-08:00,Showers,54,F
Eugene-OR,2023-11-11T12:00:00-08:00,Rain,54,F
Eugene-OR,2023-11-11T13:00:00-08:00,Cloudy,54,F
Eugene-OR,2023-11-11T14:00:00-08:00,Rain,55,F
Eugene-OR,2023-11-11T15:00:00-08:00,Rain,56,F
Eugene-OR,2023-11-11T16:00:00-08:00,Cloudy,55,F
Eugene-OR,2023-11-11T17:00:00-08:00,Cloudy,54,F
Eugene-OR,2023-11-11T18:00:00-08:00,Cloudy,53,F
Eugene-OR,2023-11-11T19:00:00-08:00,Cloudy,52,F
Eugene-OR,2023-11-11T20:00:00-08:00,Cloudy,51,F
Eugene-OR,2023-11-11T21:00:00-08:00,Cloudy,51,F
Eugene-OR,2023-11-11T22:00:00-08:00,Cloudy,50,F
Eugene-OR,2023-11-11T23:00:00-08:00,Cloudy,48,F
Eugene-OR,2023-11-12T00:00:00-08:00,Cloudy,48,F
Eugene-OR,2023-11-12T01:00:00-08:00,Cloudy,47,F
Eugene-OR,2023-11-12T02:00:00-08:00,Cloudy,46,F
Eugene-OR,2023-11-12T03:00:00-08:00,Cloudy,45,F
Eugene-OR,2023-11-12T04:00:00-08:00,Cloudy,45,F
Eugene-OR,2023-11-12T05:00:00-08:00,Cloudy,44,F
Eugene-OR,2023-11-12T06:00:00-08:00,Cloudy,43,F
Eugene-OR,2023-11-12T07:00:00-08:00,Cloudy,43,F
Eugene-OR,2023-11-12T08:00:00-08:00,Cloudy,44,F
Eugene-OR,2023-11-12T09:00:00-08:00,Cloudy,47,F
Eugene-OR,2023-11-12T10:00:00-08:00,Cloudy,50,F
Eugene-OR,2023-11-12T11:00:00-08:00,Cloudy,56,F
Eugene-OR,2023-11-12T12:00:00-08:00,Cloudy,59,F
Eugene-OR,2023-11-12T13:00:00-08:00,Intermittent clouds,61,F
Eugene-OR,2023-11-12T14:00:00-08:00,Intermittent clouds,62,F
Eugene-OR,2023-11-12T15:00:00-08:00,Intermittent clouds,61,F
Eugene-OR,2023-11-12T16:00:00-08:00,Intermittent clouds,59,F
Eugene-OR,2023-11-12T17:00:00-08:00,Intermittent clouds,57,F
Eugene-OR,2023-11-12T18:00:00-08:00,Intermittent clouds,56,F
Eugene-OR,2023-11-12T19:00:00-08:00,Cloudy,55,F
Eugene-OR,2023-11-12T20:00:00-08:00,Rain,54,F
Eugene-OR,2023-11-12T21:00:00-08:00,Cloudy,54,F
Eugene-OR,2023-11-12T22:00:00-08:00,Rain,53,F
Eugene-OR,2023-11-12T23:00:00-08:00,Rain,52,F
Gresham-OR,2023-11-10T23:00:00-08:00,Cloudy,50,F
Gresham-OR,2023-11-11T00:00:00-08:00,Cloudy,51,F
Gresham-OR,2023-11-11T01:00:00-08:00,Cloudy,51,F
Gresham-OR,2023-11-11T02:00:00-08:00,Cloudy,51,F
Gresham-OR,2023-11-11T03:00:00-08:00,Cloudy,51,F
Gresham-OR,2023-11-11T04:00:00-08:00,Cloudy,52,F
Gresham-OR,2023-11-11T05:00:00-08:00,Rain,52,F
Gresham-OR,2023-11-11T06:00:00-08:00,Rain,52,F
Gresham-OR,2023-11-11T07:00:00-08:00,Cloudy,52,F
Gresham-OR,2023-11-11T08:00:00-08:00,Cloudy,53,F
Gresham-OR,2023-11-11T09:00:00-08:00,Rain,52,F
Gresham-OR,2023-11-11T10:00:00-08:00,Rain,52,F
Gresham-OR,2023-11-11T11:00:00-08:00,Rain,51,F
Gresham-OR,2023-11-11T12:00:00-08:00,Cloudy,52,F
Gresham-OR,2023-11-11T13:00:00-08:00,Mostly cloudy w/ showers,53,F
Gresham-OR,2023-11-11T14:00:00-08:00,Intermittent clouds,55,F
Gresham-OR,2023-11-11T15:00:00-08:00,Intermittent clouds,54,F
Gresham-OR,2023-11-11T16:00:00-08:00,Intermittent clouds,53,F
Gresham-OR,2023-11-11T17:00:00-08:00,Intermittent clouds,52,F
Gresham-OR,2023-11-11T18:00:00-08:00,Intermittent clouds,52,F
Gresham-OR,2023-11-11T19:00:00-08:00,Cloudy,51,F
Gresham-OR,2023-11-11T20:00:00-08:00,Cloudy,51,F
Gresham-OR,2023-11-11T21:00:00-08:00,Cloudy,50,F
Gresham-OR,2023-11-11T22:00:00-08:00,Cloudy,50,F
Gresham-OR,2023-11-11T23:00:00-08:00,Cloudy,49,F
Gresham-OR,2023-11-12T00:00:00-08:00,Cloudy,48,F
Gresham-OR,2023-11-12T01:00:00-08:00,Cloudy,47,F
Gresham-OR,2023-11-12T02:00:00-08:00,Cloudy,47,F
Gresham-OR,2023-11-12T03:00:00-08:00,Cloudy,46,F
Gresham-OR,2023-11-12T04:00:00-08:00,Cloudy,46,F
Gresham-OR,2023-11-12T05:00:00-08:00,Cloudy,46,F
Gresham-OR,2023-11-12T06:00:00-08:00,Cloudy,45,F
Gresham-OR,2023-11-12T07:00:00-08:00,Intermittent clouds,46,F
Gresham-OR,2023-11-12T08:00:00-08:00,Intermittent clouds,47,F
Gresham-OR,2023-11-12T09:00:00-08:00,Intermittent clouds,48,F
Gresham-OR,2023-11-12T10:00:00-08:00,Intermittent clouds,50,F
Gresham-OR,2023-11-12T11:00:00-08:00,Intermittent clouds,53,F
Gresham-OR,2023-11-12T12:00:00-08:00,Intermittent clouds,55,F
Gresham-OR,2023-11-12T13:00:00-08:00,Intermittent clouds,56,F
Gresham-OR,2023-11-12T14:00:00-08:00,Intermittent clouds,58,F
Gresham-OR,2023-11-12T15:00:00-08:00,Intermittent clouds,57,F
Gresham-OR,2023-11-12T16:00:00-08:00,Intermittent clouds,55,F
Gresham-OR,2023-11-12T17:00:00-08:00,Intermittent clouds,54,F
Gresham-OR,2023-11-12T18:00:00-08:00,Intermittent clouds,54,F
Gresham-OR,2023-11-12T19:00:00-08:00,Cloudy,54,F
Gresham-OR,2023-11-12T20:00:00-08:00,Cloudy,53,F
Gresham-OR,2023-11-12T21:00:00-08:00,Rain,52,F
Gresham-OR,2023-11-12T22:00:00-08:00,Rain,52,F
Gresham-OR,2023-11-12T23:00:00-08:00,Rain,51,F
Bend-OR,2023-11-10T23:00:00-08:00,Cloudy,39,F
Bend-OR,2023-11-11T00:00:00-08:00,Intermittent clouds,38,F
Bend-OR,2023-11-11T01:00:00-08:00,Intermittent clouds,38,F
Bend-OR,2023-11-11T02:00:00-08:00,Intermittent clouds,37,F
Bend-OR,2023-11-11T03:00:00-08:00,Intermittent clouds,38,F
Bend-OR,2023-11-11T04:00:00-08:00,Intermittent clouds,38,F
Bend-OR,2023-11-11T05:00:00-08:00,Intermittent clouds,38,F
Bend-OR,2023-11-11T06:00:00-08:00,Intermittent clouds,38,F
Bend-OR,2023-11-11T07:00:00-08:00,Cloudy,39,F
Bend-OR,2023-11-11T08:00:00-08:00,Cloudy,40,F
Bend-OR,2023-11-11T09:00:00-08:00,Cloudy,42,F
Bend-OR,2023-11-11T10:00:00-08:00,Cloudy,45,F
Bend-OR,2023-11-11T11:00:00-08:00,Cloudy,48,F
Bend-OR,2023-11-11T12:00:00-08:00,Cloudy,49,F
Bend-OR,2023-11-11T13:00:00-08:00,Cloudy,51,F
Bend-OR,2023-11-11T14:00:00-08:00,Cloudy,52,F
Bend-OR,2023-11-11T15:00:00-08:00,Cloudy,51,F
Bend-OR,2023-11-11T16:00:00-08:00,Cloudy,49,F
Bend-OR,2023-11-11T17:00:00-08:00,Cloudy,47,F
Bend-OR,2023-11-11T18:00:00-08:00,Cloudy,45,F
Bend-OR,2023-11-11T19:00:00-08:00,Cloudy,44,F
Bend-OR,2023-11-11T20:00:00-08:00,Mostly cloudy,43,F
Bend-OR,2023-11-11T21:00:00-08:00,Mostly cloudy,41,F
Bend-OR,2023-11-11T22:00:00-08:00,Mostly cloudy,39,F
Bend-OR,2023-11-11T23:00:00-08:00,Cloudy,39,F
Bend-OR,2023-11-12T00:00:00-08:00,Cloudy,37,F
Bend-OR,2023-11-12T01:00:00-08:00,Partly cloudy,36,F
Bend-OR,2023-11-12T02:00:00-08:00,Partly cloudy,35,F
Bend-OR,2023-11-12T03:00:00-08:00,Partly cloudy,35,F
Bend-OR,2023-11-12T04:00:00-08:00,Partly cloudy,34,F
Bend-OR,2023-11-12T05:00:00-08:00,Partly cloudy,34,F
Bend-OR,2023-11-12T06:00:00-08:00,Partly cloudy,32,F
Bend-OR,2023-11-12T07:00:00-08:00,Intermittent clouds,34,F
Bend-OR,2023-11-12T08:00:00-08:00,Intermittent clouds,35,F
Bend-OR,2023-11-12T09:00:00-08:00,Intermittent clouds,40,F
Bend-OR,2023-11-12T10:00:00-08:00,Intermittent clouds,44,F
Bend-OR,2023-11-12T11:00:00-08:00,Partly sunny,48,F
Bend-OR,2023-11-12T12:00:00-08:00,Mostly sunny,51,F
Bend-OR,2023-11-12T13:00:00-08:00,Mostly sunny,53,F
Bend-OR,2023-11-12T14:00:00-08:00,Partly sunny,55,F
Bend-OR,2023-11-12T15:00:00-08:00,Intermittent clouds,57,F
Bend-OR,2023-11-12T16:00:00-08:00,Cloudy,55,F
Bend-OR,2023-11-12T17:00:00-08:00,Cloudy,52,F
Bend-OR,2023-11-12T18:00:00-08:00,Cloudy,49,F
Bend-OR,2023-11-12T19:00:00-08:00,Cloudy,46,F
Bend-OR,2023-11-12T20:00:00-08:00,Mostly cloudy,44,F
Bend-OR,2023-11-12T21:00:00-08:00,Intermittent clouds,44,F
Bend-OR,2023-11-12T22:00:00-08:00,Intermittent clouds,44,F
Bend-OR,2023-11-12T23:00:00-08:00,Mostly cloudy,43,F
Hillsbboro-OR,2023-11-10T23:00:00-08:00,Cloudy,49,F
Hillsbboro-OR,2023-11-11T00:00:00-08:00,Cloudy,49,F
Hillsbboro-OR,2023-11-11T01:00:00-08:00,Cloudy,49,F
Hillsbboro-OR,2023-11-11T02:00:00-08:00,Cloudy,49,F
Hillsbboro-OR,2023-11-11T03:00:00-08:00,Cloudy,50,F
Hillsbboro-OR,2023-11-11T04:00:00-08:00,Cloudy,50,F
Hillsbboro-OR,2023-11-11T05:00:00-08:00,Rain,50,F
Hillsbboro-OR,2023-11-11T06:00:00-08:00,Rain,51,F
Hillsbboro-OR,2023-11-11T07:00:00-08:00,Rain,51,F
Hillsbboro-OR,2023-11-11T08:00:00-08:00,Rain,51,F
Hillsbboro-OR,2023-11-11T09:00:00-08:00,Cloudy,52,F
Hillsbboro-OR,2023-11-11T10:00:00-08:00,Cloudy,52,F
Hillsbboro-OR,2023-11-11T11:00:00-08:00,Rain,55,F
Hillsbboro-OR,2023-11-11T12:00:00-08:00,Cloudy,56,F
Hillsbboro-OR,2023-11-11T13:00:00-08:00,Mostly cloudy w/ showers,56,F
Hillsbboro-OR,2023-11-11T14:00:00-08:00,Intermittent clouds,55,F
Hillsbboro-OR,2023-11-11T15:00:00-08:00,Intermittent clouds,54,F
Hillsbboro-OR,2023-11-11T16:00:00-08:00,Intermittent clouds,53,F
Hillsbboro-OR,2023-11-11T17:00:00-08:00,Intermittent clouds,51,F
Hillsbboro-OR,2023-11-11T18:00:00-08:00,Intermittent clouds,50,F
Hillsbboro-OR,2023-11-11T19:00:00-08:00,Cloudy,49,F
Hillsbboro-OR,2023-11-11T20:00:00-08:00,Cloudy,48,F
Hillsbboro-OR,2023-11-11T21:00:00-08:00,Cloudy,47,F
Hillsbboro-OR,2023-11-11T22:00:00-08:00,Cloudy,47,F
Hillsbboro-OR,2023-11-11T23:00:00-08:00,Cloudy,45,F
Hillsbboro-OR,2023-11-12T00:00:00-08:00,Cloudy,45,F
Hillsbboro-OR,2023-11-12T01:00:00-08:00,Cloudy,45,F
Hillsbboro-OR,2023-11-12T02:00:00-08:00,Cloudy,45,F
Hillsbboro-OR,2023-11-12T03:00:00-08:00,Cloudy,45,F
Hillsbboro-OR,2023-11-12T04:00:00-08:00,Cloudy,45,F
Hillsbboro-OR,2023-11-12T05:00:00-08:00,Cloudy,45,F
Hillsbboro-OR,2023-11-12T06:00:00-08:00,Cloudy,44,F
Hillsbboro-OR,2023-11-12T07:00:00-08:00,Cloudy,43,F
Hillsbboro-OR,2023-11-12T08:00:00-08:00,Cloudy,45,F
Hillsbboro-OR,2023-11-12T09:00:00-08:00,Cloudy,46,F
Hillsbboro-OR,2023-11-12T10:00:00-08:00,Cloudy,47,F
Hillsbboro-OR,2023-11-12T11:00:00-08:00,Cloudy,52,F
Hillsbboro-OR,2023-11-12T12:00:00-08:00,Cloudy,53,F
Hillsbboro-OR,2023-11-12T13:00:00-08:00,Cloudy,54,F
Hillsbboro-OR,2023-11-12T14:00:00-08:00,Cloudy,55,F
Hillsbboro-OR,2023-11-12T15:00:00-08:00,Cloudy,56,F
Hillsbboro-OR,2023-11-12T16:00:00-08:00,Cloudy,55,F
Hillsbboro-OR,2023-11-12T17:00:00-08:00,Rain,54,F
Hillsbboro-OR,2023-11-12T18:00:00-08:00,Rain,53,F
Hillsbboro-OR,2023-11-12T19:00:00-08:00,Cloudy,53,F
Hillsbboro-OR,2023-11-12T20:00:00-08:00,Cloudy,52,F
Hillsbboro-OR,2023-11-12T21:00:00-08:00,Rain,51,F
Hillsbboro-OR,2023-11-12T22:00:00-08:00,Rain,51,F
Hillsbboro-OR,2023-11-12T23:00:00-08:00,Showers,49,F
Sacramento-CA,2023-11-10T23:00:00-08:00,Mostly clear,48,F
Sacramento-CA,2023-11-11T00:00:00-08:00,Mostly clear,47,F
Sacramento-CA,2023-11-11T01:00:00-08:00,Mostly clear,46,F
Sacramento-CA,2023-11-11T02:00:00-08:00,Mostly clear,45,F
Sacramento-CA,2023-11-11T03:00:00-08:00,Mostly clear,44,F
Sacramento-CA,2023-11-11T04:00:00-08:00,Mostly clear,43,F
Sacramento-CA,2023-11-11T05:00:00-08:00,Mostly clear,42,F
Sacramento-CA,2023-11-11T06:00:00-08:00,Mostly clear,41,F
Sacramento-CA,2023-11-11T07:00:00-08:00,Mostly sunny,42,F
Sacramento-CA,2023-11-11T08:00:00-08:00,Mostly sunny,47,F
Sacramento-CA,2023-11-11T09:00:00-08:00,Mostly sunny,52,F
Sacramento-CA,2023-11-11T10:00:00-08:00,Mostly sunny,57,F
Sacramento-CA,2023-11-11T11:00:00-08:00,Mostly sunny,61,F
Sacramento-CA,2023-11-11T12:00:00-08:00,Mostly sunny,64,F
Sacramento-CA,2023-11-11T13:00:00-08:00,Mostly sunny,67,F
Sacramento-CA,2023-11-11T14:00:00-08:00,Mostly sunny,70,F
Sacramento-CA,2023-11-11T15:00:00-08:00,Mostly sunny,73,F
Sacramento-CA,2023-11-11T16:00:00-08:00,Mostly sunny,70,F
Sacramento-CA,2023-11-11T17:00:00-08:00,Mostly clear,66,F
Sacramento-CA,2023-11-11T18:00:00-08:00,Mostly clear,62,F
Sacramento-CA,2023-11-11T19:00:00-08:00,Mostly clear,59,F
Sacramento-CA,2023-11-11T20:00:00-08:00,Mostly clear,56,F
Sacramento-CA,2023-11-11T21:00:00-08:00,Mostly clear,53,F
Sacramento-CA,2023-11-11T22:00:00-08:00,Mostly clear,51,F
Sacramento-CA,2023-11-11T23:00:00-08:00,Mostly clear,48,F
Sacramento-CA,2023-11-12T00:00:00-08:00,Mostly clear,48,F
Sacramento-CA,2023-11-12T01:00:00-08:00,Mostly clear,47,F
Sacramento-CA,2023-11-12T02:00:00-08:00,Mostly clear,46,F
Sacramento-CA,2023-11-12T03:00:00-08:00,Mostly clear,46,F
Sacramento-CA,2023-11-12T04:00:00-08:00,Mostly clear,45,F
Sacramento-CA,2023-11-12T05:00:00-08:00,Mostly clear,44,F
Sacramento-CA,2023-11-12T06:00:00-08:00,Mostly clear,44,F
Sacramento-CA,2023-11-12T07:00:00-08:00,Hazy sunshine,44,F
Sacramento-CA,2023-11-12T08:00:00-08:00,Hazy sunshine,46,F
Sacramento-CA,2023-11-12T09:00:00-08:00,Hazy sunshine,53,F
Sacramento-CA,2023-11-12T10:00:00-08:00,Hazy sunshine,58,F
Sacramento-CA,2023-11-12T11:00:00-08:00,Intermittent clouds,64,F
Sacramento-CA,2023-11-12T12:00:00-08:00,Intermittent clouds,67,F
Sacramento-CA,2023-11-12T13:00:00-08:00,Intermittent clouds,69,F
Sacramento-CA,2023-11-12T14:00:00-08:00,Intermittent clouds,71,F
Sacramento-CA,2023-11-12T15:00:00-08:00,Intermittent clouds,73,F
Sacramento-CA,2023-11-12T16:00:00-08:00,Intermittent clouds,71,F
Sacramento-CA,2023-11-12T17:00:00-08:00,Intermittent clouds,67,F
Sacramento-CA,2023-11-12T18:00:00-08:00,Intermittent clouds,63,F
Sacramento-CA,2023-11-12T19:00:00-08:00,Partly cloudy,61,F
Sacramento-CA,2023-11-12T20:00:00-08:00,Partly cloudy,58,F
Sacramento-CA,2023-11-12T21:00:00-08:00,Partly cloudy,55,F
Sacramento-CA,2023-11-12T22:00:00-08:00,Partly cloudy,53,F
Sacramento-CA,2023-11-12T23:00:00-08:00,Intermittent clouds,53,F
LongBeach-CA,2023-11-10T23:00:00-08:00,Mostly clear,48,F
LongBeach-CA,2023-11-11T00:00:00-08:00,Mostly clear,47,F
LongBeach-CA,2023-11-11T01:00:00-08:00,Mostly clear,46,F
LongBeach-CA,2023-11-11T02:00:00-08:00,Mostly clear,45,F
LongBeach-CA,2023-11-11T03:00:00-08:00,Mostly clear,44,F
LongBeach-CA,2023-11-11T04:00:00-08:00,Mostly clear,43,F
LongBeach-CA,2023-11-11T05:00:00-08:00,Mostly clear,42,F
LongBeach-CA,2023-11-11T06:00:00-08:00,Mostly clear,41,F
LongBeach-CA,2023-11-11T07:00:00-08:00,Mostly sunny,42,F
LongBeach-CA,2023-11-11T08:00:00-08:00,Mostly sunny,47,F
LongBeach-CA,2023-11-11T09:00:00-08:00,Mostly sunny,52,F
LongBeach-CA,2023-11-11T10:00:00-08:00,Mostly sunny,57,F
LongBeach-CA,2023-11-11T11:00:00-08:00,Mostly sunny,61,F
LongBeach-CA,2023-11-11T12:00:00-08:00,Mostly sunny,64,F
LongBeach-CA,2023-11-11T13:00:00-08:00,Mostly sunny,67,F
LongBeach-CA,2023-11-11T14:00:00-08:00,Mostly sunny,70,F
LongBeach-CA,2023-11-11T15:00:00-08:00,Mostly sunny,73,F
LongBeach-CA,2023-11-11T16:00:00-08:00,Mostly sunny,70,F
LongBeach-CA,2023-11-11T17:00:00-08:00,Mostly clear,66,F
LongBeach-CA,2023-11-11T18:00:00-08:00,Mostly clear,62,F
LongBeach-CA,2023-11-11T19:00:00-08:00,Mostly clear,59,F
LongBeach-CA,2023-11-11T20:00:00-08:00,Mostly clear,56,F
LongBeach-CA,2023-11-11T21:00:00-08:00,Mostly clear,53,F
LongBeach-CA,2023-11-11T22:00:00-08:00,Mostly clear,51,F
LongBeach-CA,2023-11-11T23:00:00-08:00,Mostly clear,48,F
LongBeach-CA,2023-11-12T00:00:00-08:00,Mostly clear,48,F
LongBeach-CA,2023-11-12T01:00:00-08:00,Mostly clear,47,F
LongBeach-CA,2023-11-12T02:00:00-08:00,Mostly clear,46,F
LongBeach-CA,2023-11-12T03:00:00-08:00,Mostly clear,46,F
LongBeach-CA,2023-11-12T04:00:00-08:00,Mostly clear,45,F
LongBeach-CA,2023-11-12T05:00:00-08:00,Mostly clear,44,F
LongBeach-CA,2023-11-12T06:00:00-08:00,Mostly clear,44,F
LongBeach-CA,2023-11-12T07:00:00-08:00,Hazy sunshine,44,F
LongBeach-CA,2023-11-12T08:00:00-08:00,Hazy sunshine,46,F
LongBeach-CA,2023-11-12T09:00:00-08:00,Hazy sunshine,53,F
LongBeach-CA,2023-11-12T10:00:00-08:00,Hazy sunshine,58,F
LongBeach-CA,2023-11-12T11:00:00-08:00,Intermittent clouds,64,F
LongBeach-CA,2023-11-12T12:00:00-08:00,Intermittent clouds,67,F
LongBeach-CA,2023-11-12T13:00:00-08:00,Intermittent clouds,69,F
LongBeach-CA,2023-11-12T14:00:00-08:00,Intermittent clouds,71,F
LongBeach-CA,2023-11-12T15:00:00-08:00,Intermittent clouds,73,F
LongBeach-CA,2023-11-12T16:00:00-08:00,Intermittent clouds,71,F
LongBeach-CA,2023-11-12T17:00:00-08:00,Intermittent clouds,67,F
LongBeach-CA,2023-11-12T18:00:00-08:00,Intermittent clouds,63,F
LongBeach-CA,2023-11-12T19:00:00-08:00,Partly cloudy,61,F
LongBeach-CA,2023-11-12T20:00:00-08:00,Partly cloudy,58,F
LongBeach-CA,2023-11-12T21:00:00-08:00,Partly cloudy,55,F
LongBeach-CA,2023-11-12T22:00:00-08:00,Partly cloudy,53,F
LongBeach-CA,2023-11-12T23:00:00-08:00,Intermittent clouds,53,F
Redding-CA,2023-11-10T23:00:00-08:00,Intermittent clouds,48,F
Redding-CA,2023-11-11T00:00:00-08:00,Partly cloudy,47,F
Redding-CA,2023-11-11T01:00:00-08:00,Mostly clear,46,F
Redding-CA,2023-11-11T02:00:00-08:00,Mostly clear,45,F
Redding-CA,2023-11-11T03:00:00-08:00,Mostly clear,44,F
Redding-CA,2023-11-11T04:00:00-08:00,Mostly clear,43,F
Redding-CA,2023-11-11T05:00:00-08:00,Mostly clear,42,F
Redding-CA,2023-11-11T06:00:00-08:00,Mostly clear,41,F
Redding-CA,2023-11-11T07:00:00-08:00,Mostly sunny,43,F
Redding-CA,2023-11-11T08:00:00-08:00,Mostly sunny,47,F
Redding-CA,2023-11-11T09:00:00-08:00,Mostly sunny,52,F
Redding-CA,2023-11-11T10:00:00-08:00,Mostly sunny,57,F
Redding-CA,2023-11-11T11:00:00-08:00,Mostly sunny,59,F
Redding-CA,2023-11-11T12:00:00-08:00,Mostly sunny,62,F
Redding-CA,2023-11-11T13:00:00-08:00,Mostly sunny,65,F
Redding-CA,2023-11-11T14:00:00-08:00,Mostly sunny,68,F
Redding-CA,2023-11-11T15:00:00-08:00,Mostly sunny,71,F
Redding-CA,2023-11-11T16:00:00-08:00,Mostly sunny,68,F
Redding-CA,2023-11-11T17:00:00-08:00,Mostly clear,64,F
Redding-CA,2023-11-11T18:00:00-08:00,Mostly clear,59,F
Redding-CA,2023-11-11T19:00:00-08:00,Mostly clear,56,F
Redding-CA,2023-11-11T20:00:00-08:00,Mostly clear,53,F
Redding-CA,2023-11-11T21:00:00-08:00,Mostly clear,50,F
Redding-CA,2023-11-11T22:00:00-08:00,Mostly clear,48,F
Redding-CA,2023-11-11T23:00:00-08:00,Mostly clear,46,F
Redding-CA,2023-11-12T00:00:00-08:00,Mostly clear,45,F
Redding-CA,2023-11-12T01:00:00-08:00,Mostly clear,44,F
Redding-CA,2023-11-12T02:00:00-08:00,Mostly clear,44,F
Redding-CA,2023-11-12T03:00:00-08:00,Mostly clear,43,F
Redding-CA,2023-11-12T04:00:00-08:00,Mostly clear,43,F
Redding-CA,2023-11-12T05:00:00-08:00,Mostly clear,43,F
Redding-CA,2023-11-12T06:00:00-08:00,Mostly clear,41,F
Redding-CA,2023-11-12T07:00:00-08:00,Mostly sunny,43,F
Redding-CA,2023-11-12T08:00:00-08:00,Sunny,46,F
Redding-CA,2023-11-12T09:00:00-08:00,Sunny,51,F
Redding-CA,2023-11-12T10:00:00-08:00,Mostly sunny,55,F
Redding-CA,2023-11-12T11:00:00-08:00,Partly sunny,57,F
Redding-CA,2023-11-12T12:00:00-08:00,Mostly sunny,60,F
Redding-CA,2023-11-12T13:00:00-08:00,Mostly sunny,63,F
Redding-CA,2023-11-12T14:00:00-08:00,Mostly sunny,65,F
Redding-CA,2023-11-12T15:00:00-08:00,Mostly sunny,68,F
Redding-CA,2023-11-12T16:00:00-08:00,Mostly sunny,65,F
Redding-CA,2023-11-12T17:00:00-08:00,Partly cloudy,62,F
Redding-CA,2023-11-12T18:00:00-08:00,Partly cloudy,58,F
Redding-CA,2023-11-12T19:00:00-08:00,Partly cloudy,55,F
Redding-CA,2023-11-12T20:00:00-08:00,Partly cloudy,53,F
Redding-CA,2023-11-12T21:00:00-08:00,Partly cloudy,51,F