Redding-CA,2023-11-12T22:00:00-08:00,Partly cloudy,50,F
Redding-CA,2023-11-12T23:00:00-08:00,Intermittent clouds,50,F
Vancouver-WA,2023-11-10T23:00:00-08:00,Cloudy,50,F
Vancouver-WA,2023-11-11T00:00:00-08:00,Cloudy,50,F
Vancouver-WA,2023-11-11T01:00:00-08:00,Cloudy,50,F
Vancouver-WA,2023-11-11T02:00:00-08:00,Cloudy,50,F
Vancouver-WA,2023-11-11T03:00:00-08:00,Cloudy,50,F
Vancouver-WA,2023-11-11T04:00:00-08:00,Cloudy,50,F
Vancouver-WA,2023-11-11T05:00:00-08:00,Rain,51,F
Vancouver-WA,2023-11-11T06:00:00-08:00,Rain,51,F
Vancouver-WA,2023-11-11T07:00:00-08:00,Rain,51,F
Vancouver-WA,2023-11-11T08:00:00-08:00,Rain,51,F
Vancouver-WA,2023-11-11T09:00:00-08:00,Cloudy,51,F
Vancouver-WA,2023-11-11T10:00:00-08:00,Rain,51,F
Vancouver-WA,2023-11-11T11:00:00-08:00,Rain,53,F
Vancouver-WA,2023-11-11T12:00:00-08:00,Rain,55,F
Vancouver-WA,2023-11-11T13:00:00-08:00,Mostly cloudy w/ showers,56,F
Vancouver-WA,2023-11-11T14:00:00-08:00,Intermittent clouds,55,F
Vancouver-WA,2023-11-11T15:00:00-08:00,Intermittent clouds,54,F
Vancouver-WA,2023-11-11T16:00:00-08:00,Intermittent clouds,53,F
Vancouver-WA,2023-11-11T17:00:00-08:00,Intermittent clouds,52,F
Vancouver-WA,2023-11-11T18:00:00-08:00,Intermittent clouds,51,F
Vancouver-WA,2023-11-11T19:00:00-08:00,Cloudy,51,F
Vancouver-WA,2023-11-11T20:00:00-08:00,Cloudy,50,F
Vancouver-WA,2023-11-11T21:00:00-08:00,Cloudy,50,F
Vancouver-WA,2023-11-11T22:00:00-08:00,Cloudy,49,F
Vancouver-WA,2023-11-11T23:00:00-08:00,Cloudy,48,F
Vancouver-WA,2023-11-12T00:00:00-08:00,Cloudy,48,F
Vancouver-WA,2023-11-12T01:00:00-08:00,Cloudy,47,F
Vancouver-WA,2023-11-12T02:00:00-08:00,Cloudy,46,F
Vancouver-WA,2023-11-12T03:00:00-08:00,Cloudy,46,F
Vancouver-WA,2023-11-12T04:00:00-08:00,Cloudy,45,F
Vancouver-WA,2023-11-12T05:00:00-08:00,Cloudy,45,F
Vancouver-WA,2023-11-12T06:00:00-08:00,Cloudy,45,F
Vancouver-WA,2023-11-12T07:00:00-08:00,Cloudy,46,F
Vancouver-WA,2023-11-12T08:00:00-08:00,Cloudy,47,F
Vancouver-WA,2023-11-12T09:00:00-08:00,Cloudy,48,F
Vancouver-WA,2023-11-12T10:00:00-08:00,Cloudy,49,F
Vancouver-WA,2023-11-12T11:00:00-08:00,Cloudy,54,F
Vancouver-WA,2023-11-12T12:00:00-08:00,Cloudy,55,F
Vancouver-WA,2023-11-12T13:00:00-08:00,Cloudy,56,F
Vancouver-WA,2023-11-12T14:00:00-08:00,Cloudy,57,F
Vancouver-WA,2023-11-12T15:00:00-08:00,Cloudy,56,F
Vancouver-WA,2023-11-12T16:00:00-08:00,Cloudy,55,F
Vancouver-WA,2023-11-12T17:00:00-08:00,Rain,54,F
Vancouver-WA,2023-11-12T18:00:00-08:00,Rain,54,F
Vancouver-WA,2023-11-12T19:00:00-08:00,Rain,54,F
Vancouver-WA,2023-11-12T20:00:00-08:00,Cloudy,53,F
Vancouver-WA,2023-11-12T21:00:00-08:00,Cloudy,53,F
Vancouver-WA,2023-11-12T22:00:00-08:00,Rain,52,F
Bellevue-WA,2023-11-10T23:00:00-08:00,Rain,48,F
Bellevue-WA,2023-11-11T00:00:00-08:00,Rain,49,F
Bellevue-WA,2023-11-11T01:00:00-08:00,Cloudy,49,F
Bellevue-WA,2023-11-11T02:00:00-08:00,Rain,50,F
Bellevue-WA,2023-11-11T03:00:00-08:00,Rain,51,F
Bellevue-WA,2023-11-11T04:00:00-08:00,Cloudy,51,F
Bellevue-WA,2023-11-11T05:00:00-08:00,Rain,51,F
Bellevue-WA,2023-11-11T06:00:00-08:00,Rain,51,F
Bellevue-WA,2023-11-11T07:00:00-08:00,Rain,51,F
Bellevue-WA,2023-11-11T08:00:00-08:00,Rain,51,F
Bellevue-WA,2023-11-11T09:00:00-08:00,Rain,51,F
Bellevue-WA,2023-11-11T10:00:00-08:00,Cloudy,52,F
Bellevue-WA,2023-11-11T11:00:00-08:00,Showers,50,F
Bellevue-WA,2023-11-11T12:00:00-08:00,Rain,52,F
Bellevue-WA,2023-11-11T13:00:00-08:00,Intermittent clouds,53,F
Bellevue-WA,2023-11-11T14:00:00-08:00,Intermittent clouds,53,F
Bellevue-WA,2023-11-11T15:00:00-08:00,Mostly cloudy w/ showers,52,F
Bellevue-WA,2023-11-11T16:00:00-08:00,Intermittent clouds,52,F
Bellevue-WA,2023-11-11T17:00:00-08:00,Intermittent clouds,51,F
Bellevue-WA,2023-11-11T18:00:00-08:00,Intermittent clouds,50,F
Bellevue-WA,2023-11-11T19:00:00-08:00,Cloudy,50,F
Bellevue-WA,2023-11-11T20:00:00-08:00,Cloudy,49,F
Bellevue-WA,2023-11-11T21:00:00-08:00,Cloudy,49,F
Bellevue-WA,2023-11-11T22:00:00-08:00,Cloudy,49,F
Bellevue-WA,2023-11-11T23:00:00-08:00,Cloudy,48,F
Bellevue-WA,2023-11-12T00:00:00-08:00,Cloudy,48,F
Bellevue-WA,2023-11-12T01:00:00-08:00,Cloudy,48,F
Bellevue-WA,2023-11-12T02:00:00-08:00,Cloudy,47,F
Bellevue-WA,2023-11-12T03:00:00-08:00,Cloudy,47,F
Bellevue-WA,2023-11-12T04:00:00-08:00,Cloudy,47,F
Bellevue-WA,2023-11-12T05:00:00-08:00,Cloudy,46,F
Bellevue-WA,2023-11-12T06:00:00-08:00,Cloudy,45,F
Bellevue-WA,2023-11-12T07:00:00-08:00,Cloudy,44,F
Bellevue-WA,2023-11-12T08:00:00-08:00,Cloudy,46,F
Bellevue-WA,2023-11-12T09:00:00-08:00,Cloudy,47,F
Bellevue-WA,2023-11-12T10:00:00-08:00,Cloudy,48,F
Bellevue-WA,2023-11-12T11:00:00-08:00,Cloudy,51,F
Bellevue-WA,2023-11-12T12:00:00-08:00,Cloudy,53,F
Bellevue-WA,2023-11-12T13:00:00-08:00,Cloudy,55,F
Bellevue-WA,2023-11-12T14:00:00-08:00,Cloudy,56,F
Bellevue-WA,2023-11-12T15:00:00-08:00,Cloudy,55,F
Bellevue-WA,2023-11-12T16:00:00-08:00,Cloudy,54,F
Bellevue-WA,2023-11-12T17:00:00-08:00,Rain,53,F
Bellevue-WA,2023-11-12T18:00:00-08:00,Rain,51,F
Bellevue-WA,2023-11-12T19:00:00-08:00,Cloudy,50,F
Bellevue-WA,2023-11-12T20:00:00-08:00,Cloudy,51,F
Bellevue-WA,2023-11-12T21:00:00-08:00,Rain,50,F
Bellevue-WA,2023-11-12T22:00:00-08:00,Rain,50,F
Kent-WA,2023-11-10T23:00:00-08:00,Rain,49,F
Kent-WA,2023-11-11T00:00:00-08:00,Showers,50,F
Kent-WA,2023-11-11T01:00:00-08:00,Cloudy,51,F
Kent-WA,2023-11-11T02:00:00-08:00,Rain,51,F
Kent-WA,2023-11-11T03:00:00-08:00,Rain,52,F
Kent-WA,2023-11-11T04:00:00-08:00,Cloudy,52,F
Kent-WA,2023-11-11T05:00:00-08:00,Rain,52,F
Kent-WA,2023-11-11T06:00:00-08:00,Rain,52,F
Kent-WA,2023-11-11T07:00:00-08:00,Rain,52,F
Kent-WA,2023-11-11T08:00:00-08:00,Rain,52,F
Kent-WA,2023-11-11T09:00:00-08:00,Rain,52,F
Kent-WA,2023-11-11T10:00:00-08:00,Rain,53,F
Kent-WA,2023-11-11T11:00:00-08:00,Showers,52,F
Kent-WA,2023-11-11T12:00:00-08:00,Rain,54,F
Kent-WA,2023-11-11T13:00:00-08:00,Intermittent clouds,55,F
Kent-WA,2023-11-11T14:00:00-08:00,Intermittent clouds,55,F
Kent-WA,2023-11-11T15:00:00-08:00,Intermittent clouds,54,F
Kent-WA,2023-11-11T16:00:00-08:00,Mostly cloudy w/ showers,53,F
Kent-WA,2023-11-11T17:00:00-08:00,Intermittent clouds,52,F
Kent-WA,2023-11-11T18:00:00-08:00,Intermittent clouds,51,F
Kent-WA,2023-11-11T19:00:00-08:00,Cloudy,51,F
Kent-WA,2023-11-11T20:00:00-08:00,Cloudy,50,F
Kent-WA,2023-11-11T21:00:00-08:00,Cloudy,50,F
Kent-WA,2023-11-11T22:00:00-08:00,Cloudy,49,F
Kent-WA,2023-11-11T23:00:00-08:00,Cloudy,48,F
Kent-WA,2023-11-12T00:00:00-08:00,Showers,48,F
Kent-WA,2023-11-12T01:00:00-08:00,Cloudy,48,F
Kent-WA,2023-11-12T02:00:00-08:00,Cloudy,48,F
Kent-WA,2023-11-12T03:00:00-08:00,Cloudy,47,F
Kent-WA,2023-11-12T04:00:00-08:00,Cloudy,46,F
Kent-WA,2023-11-12T05:00:00-08:00,Cloudy,46,F
Kent-WA,2023-11-12T06:00:00-08:00,Cloudy,45,F
Kent-WA,2023-11-12T07:00:00-08:00,Cloudy,44,F
Kent-WA,2023-11-12T08:00:00-08:00,Cloudy,46,F
Kent-WA,2023-11-12T09:00:00-08:00,Cloudy,47,F
Kent-WA,2023-11-12T10:00:00-08:00,Cloudy,49,F
Kent-WA,2023-11-12T11:00:00-08:00,Cloudy,52,F
Kent-WA,2023-11-12T12:00:00-08:00,Cloudy,54,F
Kent-WA,2023-11-12T13:00:00-08:00,Cloudy,56,F
Kent-WA,2023-11-12T14:00:00-08:00,Cloudy,57,F
Kent-WA,2023-11-12T15:00:00-08:00,Cloudy,56,F
Kent-WA,2023-11-12T16:00:00-08:00,Cloudy,55,F
Kent-WA,2023-11-12T17:00:00-08:00,Rain,54,F
Kent-WA,2023-11-12T18:00:00-08:00,Rain,53,F
Kent-WA,2023-11-12T19:00:00-08:00,Cloudy,51,F
Kent-WA,2023-11-12T20:00:00-08:00,Cloudy,52,F
Kent-WA,2023-11-12T21:00:00-08:00,Rain,52,F
Kent-WA,2023-11-12T22:00:00-08:00,Rain,51,F
Leavenworth-WA,2023-11-10T23:00:00-08:00,Rain,39,F
Leavenworth-WA,2023-11-11T00:00:00-08:00,Cloudy,39,F
Leavenworth-WA,2023-11-11T01:00:00-08:00,Cloudy,39,F
Leavenworth-WA,2023-11-11T02:00:00-08:00,Rain,39,F
Leavenworth-WA,2023-11-11T03:00:00-08:00,Cloudy,39,F
Leavenworth-WA,2023-11-11T04:00:00-08:00,Cloudy,39,F
Leavenworth-WA,2023-11-11T05:00:00-08:00,Cloudy,39,F
Leavenworth-WA,2023-11-11T06:00:00-08:00,Rain,39,F
Leavenworth-WA,2023-11-11T07:00:00-08:00,Rain,40,F
Leavenworth-WA,2023-11-11T08:00:00-08:00,Rain,41,F
Leavenworth-WA,2023-11-11T09:00:00-08:00,Rain,43,F
Leavenworth-WA,2023-11-11T10:00:00-08:00,Rain,46,F
Leavenworth-WA,2023-11-11T11:00:00-08:00,Rain,45,F
Leavenworth-WA,2023-11-11T12:00:00-08:00,Rain,48,F
Leavenworth-WA,2023-11-11T13:00:00-08:00,Rain,50,F
Leavenworth-WA,2023-11-11T14:00:00-08:00,Rain,49,F
Leavenworth-WA,2023-11-11T15:00:00-08:00,Rain,48,F
Leavenworth-WA,2023-11-11T16:00:00-08:00,Rain,46,F
Leavenworth-WA,2023-11-11T17:00:00-08:00,Rain,45,F
Leavenworth-WA,2023-11-11T18:00:00-08:00,Rain,46,F
Leavenworth-WA,2023-11-11T19:00:00-08:00,Cloudy,45,F
Leavenworth-WA,2023-11-11T20:00:00-08:00,Mostly cloudy,44,F
Leavenworth-WA,2023-11-11T21:00:00-08:00,Mostly cloudy,42,F
Leavenworth-WA,2023-11-11T22:00:00-08:00,Cloudy,41,F
Leavenworth-WA,2023-11-11T23:00:00-08:00,Showers,37,F
Leavenworth-WA,2023-11-12T00:00:00-08:00,Cloudy,37,F
Leavenworth-WA,2023-11-12T01:00:00-08:00,Cloudy,36,F
Leavenworth-WA,2023-11-12T02:00:00-08:00,Cloudy,35,F
Leavenworth-WA,2023-11-12T03:00:00-08:00,Cloudy,35,F
Leavenworth-WA,2023-11-12T04:00:00-08:00,Cloudy,35,F
Leavenworth-WA,2023-11-12T05:00:00-08:00,Cloudy,36,F
Leavenworth-WA,2023-11-12T06:00:00-08:00,Cloudy,36,F
Leavenworth-WA,2023-11-12T07:00:00-08:00,Cloudy,37,F
Leavenworth-WA,2023-11-12T08:00:00-08:00,Cloudy,38,F
Leavenworth-WA,2023-11-12T09:00:00-08:00,Cloudy,40,F
Leavenworth-WA,2023-11-12T10:00:00-08:00,Cloudy,43,F
Leavenworth-WA,2023-11-12T11:00:00-08:00,Cloudy,43,F
Leavenworth-WA,2023-11-12T12:00:00-08:00,Cloudy,45,F
Leavenworth-WA,2023-11-12T13:00:00-08:00,Cloudy,45,F
Leavenworth-WA,2023-11-12T14:00:00-08:00,Cloudy,44,F
Leavenworth-WA,2023-11-12T15:00:00-08:00,Cloudy,44,F
Leavenworth-WA,2023-11-12T16:00:00-08:00,Cloudy,43,F
Leavenworth-WA,2023-11-12T17:00:00-08:00,Cloudy,43,F
Leavenworth-WA,2023-11-12T18:00:00-08:00,Cloudy,43,F
Leavenworth-WA,2023-11-12T19:00:00-08:00,Cloudy,42,F
Leavenworth-WA,2023-11-12T20:00:00-08:00,Cloudy,42,F
Leavenworth-WA,2023-11-12T21:00:00-08:00,Cloudy,41,F
Leavenworth-WA,2023-11-12T22:00:00-08:00,Cloudy,41,F
Yakima-WA,2023-11-10T23:00:00-08:00,Showers,38,F
Yakima-WA,2023-11-11T00:00:00-08:00,Showers,38,F
Yakima-WA,2023-11-11T01:00:00-08:00,Cloudy,39,F
Yakima-WA,2023-11-11T02:00:00-08:00,Cloudy,39,F
Yakima-WA,2023-11-11T03:00:00-08:00,Cloudy,40,F
Yakima-WA,2023-11-11T04:00:00-08:00,Cloudy,41,F
Yakima-WA,2023-11-11T05:00:00-08:00,Mostly cloudy,41,F
Yakima-WA,2023-11-11T06:00:00-08:00,Mostly cloudy,42,F
Yakima-WA,2023-11-11T07:00:00-08:00,Showers,43,F
Yakima-WA,2023-11-11T08:00:00-08:00,Cloudy,45,F
Yakima-WA,2023-11-11T09:00:00-08:00,Showers,48,F
Yakima-WA,2023-11-11T10:00:00-08:00,Showers,51,F
Yakima-WA,2023-11-11T11:00:00-08:00,Rain,55,F
Yakima-WA,2023-11-11T12:00:00-08:00,Cloudy,57,F
Yakima-WA,2023-11-11T13:00:00-08:00,Partly sunny,58,F
Yakima-WA,2023-11-11T14:00:00-08:00,Partly sunny,59,F
Yakima-WA,2023-11-11T15:00:00-08:00,Partly sunny,57,F
Yakima-WA,2023-11-11T16:00:00-08:00,Partly sunny,54,F
Yakima-WA,2023-11-11T17:00:00-08:00,Partly cloudy,51,F
Yakima-WA,2023-11-11T18:00:00-08:00,Partly cloudy,48,F
Yakima-WA,2023-11-11T19:00:00-08:00,Cloudy,45,F
Yakima-WA,2023-11-11T20:00:00-08:00,Cloudy,44,F
Yakima-WA,2023-11-11T21:00:00-08:00,Cloudy,43,F
Yakima-WA,2023-11-11T22:00:00-08:00,Cloudy,43,F
Yakima-WA,2023-11-11T23:00:00-08:00,Intermittent clouds,39,F
Yakima-WA,2023-11-12T00:00:00-08:00,Cloudy,38,F
Yakima-WA,2023-11-12T01:00:00-08:00,Cloudy,38,F
Yakima-WA,2023-11-12T02:00:00-08:00,Cloudy,37,F
Yakima-WA,2023-11-12T03:00:00-08:00,Cloudy,37,F
Yakima-WA,2023-11-12T04:00:00-08:00,Cloudy,36,F
Yakima-WA,2023-11-12T05:00:00-08:00,Cloudy,36,F
Yakima-WA,2023-11-12T06:00:00-08:00,Cloudy,36,F
Yakima-WA,2023-11-12T07:00:00-08:00,Cloudy,36,F
Yakima-WA,2023-11-12T08:00:00-08:00,Cloudy,36,F
Yakima-WA,2023-11-12T09:00:00-08:00,Cloudy,40,F
Yakima-WA,2023-11-12T10:00:00-08:00,Cloudy,43,F
Yakima-WA,2023-11-12T11:00:00-08:00,Mostly cloudy,45,F
Yakima-WA,2023-11-12T12:00:00-08:00,Mostly cloudy,48,F
Yakima-WA,2023-11-12T13:00:00-08:00,Mostly cloudy,50,F
Yakima-WA,2023-11-12T14:00:00-08:00,Mostly cloudy,52,F
Yakima-WA,2023-11-12T15:00:00-08:00,Mostly cloudy,51,F
Yakima-WA,2023-11-12T16:00:00-08:00,Cloudy,48,F
Yakima-WA,2023-11-12T17:00:00-08:00,Cloudy,46,F
Yakima-WA,2023-11-12T18:00:00-08:00,Cloudy,44,F
Yakima-WA,2023-11-12T19:00:00-08:00,Partly cloudy,42,F
Yakima-WA,2023-11-12T20:00:00-08:00,Partly cloudy,41,F
Yakima-WA,2023-11-12T21:00:00-08:00,Partly cloudy,40,F
Yakima-WA,2023-11-12T22:00:00-08:00,Partly cloudy,40,F
Tucson-AZ,2023-11-11T00:00:00-07:00,Mostly clear,50,F
Tucson-AZ,2023-11-11T01:00:00-07:00,Mostly clear,49,F
Tucson-AZ,2023-11-11T02:00:00-07:00,Mostly clear,48,F
Tucson-AZ,2023-11-11T03:00:00-07:00,Mostly clear,49,F
Tucson-AZ,2023-11-11T04:00:00-07:00,Mostly clear,50,F
Tucson-AZ,2023-11-11T05:00:00-07:00,Mostly clear,51,F
Tucson-AZ,2023-11-11T06:00:00-07:00,Clear,51,F
Tucson-AZ,2023-11-11T07:00:00-07:00,Sunny,52,F
Tucson-AZ,2023-11-11T08:00:00-07:00,Sunny,57,F
Tucson-AZ,2023-11-11T09:00:00-07:00,Sunny,61,F
Tucson-AZ,2023-11-11T10:00:00-07:00,Sunny,65,F
Tucson-AZ,2023-11-11T11:00:00-07:00,Sunny,68,F
Tucson-AZ,2023-11-11T12:00:00-07:00,Sunny,72,F
Tucson-AZ,2023-11-11T13:00:00-07:00,Sunny,73,F
Tucson-AZ,2023-11-11T14:00:00-07:00,Sunny,75,F
Tucson-AZ,2023-11-11T15:00:00-07:00,Sunny,76,F
Tucson-AZ,2023-11-11T16:00:00-07:00,Sunny,74,F
Tucson-AZ,2023-11-11T17:00:00-07:00,Sunny,71,F
Tucson-AZ,2023-11-11T18:00:00-07:00,Clear,68,F
Tucson-AZ,2023-11-11T19:00:00-07:00,Clear,65,F
Tucson-AZ,2023-11-11T20:00:00-07:00,Clear,63,F
Tucson-AZ,2023-11-11T21:00:00-07:00,Clear,60,F
Tucson-AZ,2023-11-11T22:00:00-07:00,Clear,58,F
Tucson-AZ,2023-11-11T23:00:00-07:00,Clear,57,F
Tucson-AZ,2023-11-12T00:00:00-07:00,Clear,58,F
Tucson-AZ,2023-11-12T01:00:00-07:00,Clear,57,F
Tucson-AZ,2023-11-12T02:00:00-07:00,Clear,56,F
Tucson-AZ,2023-11-12T03:00:00-07:00,Clear,54,F
Tucson-AZ,2023-11-12T04:00:00-07:00,Clear,53,F
Tucson-AZ,2023-11-12T05:00:00-07:00,Clear,52,F
Tucson-AZ,2023-11-12T06:00:00-07:00,Clear,53,F
Tucson-AZ,2023-11-12T07:00:00-07:00,Sunny,55,F
Tucson-AZ,2023-11-12T08:00:00-07:00,Sunny,59,F
Tucson-AZ,2023-11-12T09:00:00-07:00,Sunny,64,F
Tucson-AZ,2023-11-12T10:00:00-07:00,Sunny,68,F
Tucson-AZ,2023-11-12T11:00:00-07:00,Sunny,71,F
Tucson-AZ,2023-11-12T12:00:00-07:00,Sunny,75,F
Tucson-AZ,2023-11-12T13:00:00-07:00,Sunny,77,F
Tucson-AZ,2023-11-12T14:00:00-07:00,Sunny,79,F
Tucson-AZ,2023-11-12T15:00:00-07:00,Sunny,81,F
Tucson-AZ,2023-11-12T16:00:00-07:00,Sunny,79,F
Tucson-AZ,2023-11-12T17:00:00-07:00,Sunny,76,F
Tucson-AZ,2023-11-12T18:00:00-07:00,Clear,74,F
Tucson-AZ,2023-11-12T19:00:00-07:00,Clear,71,F
Tucson-AZ,2023-11-12T20:00:00-07:00,Clear,68,F
Tucson-AZ,2023-11-12T21:00:00-07:00,Clear,66,F
Tucson-AZ,2023-11-12T22:00:00-07:00,Clear,64,F
Tucson-AZ,2023-11-12T23:00:00-07:00,Clear,63,F
Phoenix-AZ,2023-11-10T23:00:00-07:00,Mostly clear,60,F
Phoenix-AZ,2023-11-11T00:00:00-07:00,Mostly clear,60,F
Phoenix-AZ,2023-11-11T01:00:00-07:00,Mostly clear,59,F
Phoenix-AZ,2023-11-11T02:00:00-07:00,Mostly clear,59,F
Phoenix-AZ,2023-11-11T03:00:00-07:00,Clear,58,F
Phoenix-AZ,2023-11-11T04:00:00-07:00,Clear,58,F
Phoenix-AZ,2023-11-11T05:00:00-07:00,Clear,57,F
Phoenix-AZ,2023-11-11T06:00:00-07:00,Clear,57,F
Phoenix-AZ,2023-11-11T07:00:00-07:00,Sunny,57,F
Phoenix-AZ,2023-11-11T08:00:00-07:00,Mostly sunny,59,F
Phoenix-AZ,2023-11-11T09:00:00-07:00,Mostly sunny,61,F
Phoenix-AZ,2023-11-11T10:00:00-07:00,Mostly sunny,68,F
Phoenix-AZ,2023-11-11T11:00:00-07:00,Sunny,73,F
Phoenix-AZ,2023-11-11T12:00:00-07:00,Sunny,75,F
Phoenix-AZ,2023-11-11T13:00:00-07:00,Sunny,76,F
Phoenix-AZ,2023-11-11T14:00:00-07:00,Sunny,78,F
Phoenix-AZ,2023-11-11T15:00:00-07:00,Sunny,80,F
Phoenix-AZ,2023-11-11T16:00:00-07:00,Sunny,81,F
Phoenix-AZ,2023-11-11T17:00:00-07:00,Sunny,79,F
Phoenix-AZ,2023-11-11T18:00:00-07:00,Clear,76,F
Phoenix-AZ,2023-11-11T19:00:00-07:00,Clear,73,F
Phoenix-AZ,2023-11-11T20:00:00-07:00,Clear,71,F
Phoenix-AZ,2023-11-11T21:00:00-07:00,Clear,68,F
Phoenix-AZ,2023-11-11T22:00:00-07:00,Clear,66,F
Phoenix-AZ,2023-11-11T23:00:00-07:00,Clear,63,F
Phoenix-AZ,2023-11-12T00:00:00-07:00,Clear,62,F
Phoenix-AZ,2023-11-12T01:00:00-07:00,Clear,62,F
Phoenix-AZ,2023-11-12T02:00:00-07:00,Clear,61,F
Phoenix-AZ,2023-11-12T03:00:00-07:00,Clear,60,F
Phoenix-AZ,2023-11-12T04:00:00-07:00,Clear,60,F
Phoenix-AZ,2023-11-12T05:00:00-07:00,Clear,59,F
Phoenix-AZ,2023-11-12T06:00:00-07:00,Clear,58,F
Phoenix-AZ,2023-11-12T07:00:00-07:00,Sunny,58,F
Phoenix-AZ,2023-11-12T08:00:00-07:00,Sunny,59,F
Phoenix-AZ,2023-11-12T09:00:00-07:00,Sunny,64,F
Phoenix-AZ,2023-11-12T10:00:00-07:00,Sunny,71,F
Phoenix-AZ,2023-11-12T11:00:00-07:00,Sunny,75,F
Phoenix-AZ,2023-11-12T12:00:00-07:00,Sunny,77,F
Phoenix-AZ,2023-11-12T13:00:00-07:00,Sunny,79,F
Phoenix-AZ,2023-11-12T14:00:00-07:00,Sunny,81,F
Phoenix-AZ,2023-11-12T15:00:00-07:00,Sunny,83,F
Phoenix-AZ,2023-11-12T16:00:00-07:00,Sunny,85,F
Phoenix-AZ,2023-11-12T17:00:00-07:00,Sunny,83,F
Phoenix-AZ,2023-11-12T18:00:00-07:00,Clear,79,F
Phoenix-AZ,2023-11-12T19:00:00-07:00,Clear,76,F
Phoenix-AZ,2023-11-12T20:00:00-07:00,Clear,74,F
Phoenix-AZ,2023-11-12T21:00:00-07:00,Clear,71,F
Phoenix-AZ,2023-11-12T22:00:00-07:00,Clear,70,F
Chinle-AZ,2023-11-11T00:00:00-07:00,Mostly clear,32,F
Chinle-AZ,2023-11-11T01:00:00-07:00,Mostly clear,30,F
Chinle-AZ,2023-11-11T02:00:00-07:00,Mostly clear,29,F
Chinle-AZ,2023-11-11T03:00:00-07:00,Mostly clear,27,F
Chinle-AZ,2023-11-11T04:00:00-07:00,Mostly clear,26,F
Chinle-AZ,2023-11-11T05:00:00-07:00,Mostly clear,25,F
Chinle-AZ,2023-11-11T06:00:00-07:00,Mostly clear,24,F
Chinle-AZ,2023-11-11T07:00:00-07:00,Sunny,25,F
Chinle-AZ,2023-11-11T08:00:00-07:00,Sunny,30,F
Chinle-AZ,2023-11-11T09:00:00-07:00,Sunny,35,F
Chinle-AZ,2023-11-11T10:00:00-07:00,Sunny,41,F
Chinle-AZ,2023-11-11T11:00:00-07:00,Sunny,47,F
Chinle-AZ,2023-11-11T12:00:00-07:00,Sunny,53,F
Chinle-AZ,2023-11-11T13:00:00-07:00,Sunny,55,F
Chinle-AZ,2023-11-11T14:00:00-07:00,Sunny,57,F
Chinle-AZ,2023-11-11T15:00:00-07:00,Sunny,55,F
Chinle-AZ,2023-11-11T16:00:00-07:00,Sunny,53,F
Chinle-AZ,2023-11-11T17:00:00-07:00,Sunny,50,F
Chinle-AZ,2023-11-11T18:00:00-07:00,Clear,44,F
Chinle-AZ,2023-11-11T19:00:00-07:00,Clear,39,F
Chinle-AZ,2023-11-11T20:00:00-07:00,Clear,36,F
Chinle-AZ,2023-11-11T21:00:00-07:00,Clear,33,F
Chinle-AZ,2023-11-11T22:00:00-07:00,Clear,30,F
Chinle-AZ,2023-11-11T23:00:00-07:00,Clear,28,F
Chinle-AZ,2023-11-12T00:00:00-07:00,Clear,30,F
Chinle-AZ,2023-11-12T01:00:00-07:00,Clear,28,F
Chinle-AZ,2023-11-12T02:00:00-07:00,Clear,26,F
Chinle-AZ,2023-11-12T03:00:00-07:00,Clear,25,F
Chinle-AZ,2023-11-12T04:00:00-07:00,Clear,24,F
Chinle-AZ,2023-11-12T05:00:00-07:00,Mostly clear,22,F
Chinle-AZ,2023-11-12T06:00:00-07:00,Clear,21,F
Chinle-AZ,2023-11-12T07:00:00-07:00,Sunny,23,F
Chinle-AZ,2023-11-12T08:00:00-07:00,Sunny,28,F
Chinle-AZ,2023-11-12T09:00:00-07:00,Sunny,34,F
Chinle-AZ,2023-11-12T10:00:00-07:00,Sunny,42,F
Chinle-AZ,2023-11-12T11:00:00-07:00,Sunny,48,F
Chinle-AZ,2023-11-12T12:00:00-07:00,Sunny,55,F
Chinle-AZ,2023-11-12T13:00:00-07:00,Sunny,58,F
Chinle-AZ,2023-11-12T14:00:00-07:00,Sunny,61,F
Chinle-AZ,2023-11-12T15:00:00-07:00,Sunny,59,F
Chinle-AZ,2023-11-12T16:00:00-07:00,Sunny,56,F
Chinle-AZ,2023-11-12T17:00:00-07:00,Sunny,53,F
Chinle-AZ,2023-11-12T18:00:00-07:00,Clear,47,F
Chinle-AZ,2023-11-12T19:00:00-07:00,Clear,41,F
Chinle-AZ,2023-11-12T20:00:00-07:00,Clear,38,F
Chinle-AZ,2023-11-12T21:00:00-07:00,Clear,36,F
Chinle-AZ,2023-11-12T22:00:00-07:00,Clear,33,F
Chinle-AZ,2023-11-12T23:00:00-07:00,Clear,31,F
Kingman-AZ,2023-11-11T00:00:00-07:00,Mostly clear,40,F
Kingman-AZ,2023-11-11T01:00:00-07:00,Mostly clear,39,F
Kingman-AZ,2023-11-11T02:00:00-07:00,Mostly clear,38,F
Kingman-AZ,2023-11-11T03:00:00-07:00,Mostly clear,38,F
Kingman-AZ,2023-11-11T04:00:00-07:00,Mostly clear,37,F
Kingman-AZ,2023-11-11T05:00:00-07:00,Mostly clear,37,F
Kingman-AZ,2023-11-11T06:00:00-07:00,Mostly clear,36,F
Kingman-AZ,2023-11-11T07:00:00-07:00,Clear,38,F
Kingman-AZ,2023-11-11T08:00:00-07:00,Sunny,42,F
Kingman-AZ,2023-11-11T09:00:00-07:00,Sunny,46,F
Kingman-AZ,2023-11-11T10:00:00-07:00,Sunny,54,F
Kingman-AZ,2023-11-11T11:00:00-07:00,Sunny,59,F
Kingman-AZ,2023-11-11T12:00:00-07:00,Sunny,64,F
Kingman-AZ,2023-11-11T13:00:00-07:00,Sunny,66,F
Kingman-AZ,2023-11-11T14:00:00-07:00,Sunny,69,F
Kingman-AZ,2023-11-11T15:00:00-07:00,Sunny,71,F
Kingman-AZ,2023-11-11T16:00:00-07:00,Sunny,68,F
Kingman-AZ,2023-11-11T17:00:00-07:00,Sunny,64,F
Kingman-AZ,2023-11-11T18:00:00-07:00,Clear,59,F
Kingman-AZ,2023-11-11T19:00:00-07:00,Clear,55,F
Kingman-AZ,2023-11-11T20:00:00-07:00,Clear,52,F
Kingman-AZ,2023-11-11T21:00:00-07:00,Clear,49,F
Kingman-AZ,2023-11-11T22:00:00-07:00,Clear,46,F
Kingman-AZ,2023-11-11T23:00:00-07:00,Clear,44,F
Kingman-AZ,2023-11-12T00:00:00-07:00,Clear,42,F
Kingman-AZ,2023-11-12T01:00:00-07:00,Clear,41,F
Kingman-AZ,2023-11-12T02:00:00-07:00,Clear,41,F
Kingman-AZ,2023-11-12T03:00:00-07:00,Clear,40,F
Kingman-AZ,2023-11-12T04:00:00-07:00,Clear,40,F
Kingman-AZ,2023-11-12T05:00:00-07:00,Clear,39,F
Kingman-AZ,2023-11-12T06:00:00-07:00,Clear,39,F
Kingman-AZ,2023-11-12T07:00:00-07:00,Clear,39,F
Kingman-AZ,2023-11-12T08:00:00-07:00,Sunny,44,F
Kingman-AZ,2023-11-12T09:00:00-07:00,Sunny,48,F
Kingman-AZ,2023-11-12T10:00:00-07:00,Sunny,57,F
Kingman-AZ,2023-11-12T11:00:00-07:00,Sunny,62,F
Kingman-AZ,2023-11-12T12:00:00-07:00,Sunny,68,F
Kingman-AZ,2023-11-12T13:00:00-07:00,Sunny,70,F
Kingman-AZ,2023-11-12T14:00:00-07:00,Sunny,72,F
Kingman-AZ,2023-11-12T15:00:00-07:00,Sunny,74,F
Kingman-AZ,2023-11-12T16:00:00-07:00,Sunny,71,F
Kingman-AZ,2023-11-12T17:00:00-07:00,Sunny,67,F
Kingman-AZ,2023-11-12T18:00:00-07:00,Clear,62,F
Kingman-AZ,2023-11-12T19:00:00-07:00,Clear,57,F
Kingman-AZ,2023-11-12T20:00:00-07:00,Clear,53,F
Kingman-AZ,2023-11-12T21:00:00-07:00,Clear,50,F
Kingman-AZ,2023-11-12T22:00:00-07:00,Mostly clear,48,F
Kingman-AZ,2023-11-12T23:00:00-07:00,Mostly clear,46,F
Laramie-WY,2023-11-11T00:00:00-07:00,Partly cloudy,25,F
Laramie-WY,2023-11-11T01:00:00-07:00,Mostly clear,25,F
Laramie-WY,2023-11-11T02:00:00-07:00,Mostly clear,25,F
Laramie-WY,2023-11-11T03:00:00-07:00,Mostly clear,26,F
Laramie-WY,2023-11-11T04:00:00-07:00,Clear,26,F
Laramie-WY,2023-11-11T05:00:00-07:00,Clear,26,F
Laramie-WY,2023-11-11T06:00:00-07:00,Clear,26,F
Laramie-WY,2023-11-11T07:00:00-07:00,Mostly sunny,27,F
Laramie-WY,2023-11-11T08:00:00-07:00,Mostly sunny,32,F
Laramie-WY,2023-11-11T09:00:00-07:00,Mostly sunny,37,F
Laramie-WY,2023-11-11T10:00:00-07:00,Mostly sunny,41,F
Laramie-WY,2023-11-11T11:00:00-07:00,Mostly sunny,43,F
Laramie-WY,2023-11-11T12:00:00-07:00,Mostly sunny,48,F
Laramie-WY,2023-11-11T13:00:00-07:00,Mostly sunny,50,F
Laramie-WY,2023-11-11T14:00:00-07:00,Mostly sunny,52,F
Laramie-WY,2023-11-11T15:00:00-07:00,Mostly sunny,50,F
Laramie-WY,2023-11-11T16:00:00-07:00,Mostly sunny,47,F
Laramie-WY,2023-11-11T17:00:00-07:00,Mostly clear,43,F
Laramie-WY,2023-11-11T18:00:00-07:00,Mostly clear,40,F
Laramie-WY,2023-11-11T19:00:00-07:00,Partly cloudy,38,F
Laramie-WY,2023-11-11T20:00:00-07:00,Mostly clear,36,F
Laramie-WY,2023-11-11T21:00:00-07:00,Mostly clear,36,F
Laramie-WY,2023-11-11T22:00:00-07:00,Mostly clear,35,F
Laramie-WY,2023-11-11T23:00:00-07:00,Mostly clear,34,F
Laramie-WY,2023-11-12T00:00:00-07:00,Partly cloudy,33,F
Laramie-WY,2023-11-12T01:00:00-07:00,Partly cloudy,32,F
Laramie-WY,2023-11-12T02:00:00-07:00,Mostly clear,32,F
Laramie-WY,2023-11-12T03:00:00-07:00,Mostly clear,31,F
Laramie-WY,2023-11-12T04:00:00-07:00,Mostly clear,30,F
Laramie-WY,2023-11-12T05:00:00-07:00,Mostly clear,30,F
Laramie-WY,2023-11-12T06:00:00-07:00,Mostly clear,29,F
Laramie-WY,2023-11-12T07:00:00-07:00,Sunny,31,F
Laramie-WY,2023-11-12T08:00:00-07:00,Sunny,36,F
Laramie-WY,2023-11-12T09:00:00-07:00,Sunny,42,F
Laramie-WY,2023-11-12T10:00:00-07:00,Sunny,46,F
Laramie-WY,2023-11-12T11:00:00-07:00,Sunny,49,F
Laramie-WY,2023-11-12T11:00:00-07:00,Sunny,50,F
Laramie-WY,2023-11-12T12:00:00-07:00,Sunny,53,F
Laramie-WY,2023-11-12T13:00:00-07:00,Sunny,55,F
Laramie-WY,2023-11-12T14:00:00-07:00,Sunny,57,F
Laramie-WY,2023-11-12T15:00:00-07:00,Sunny,55,F
Laramie-WY,2023-11-12T16:00:00-07:00,Sunny,51,F
Laramie-WY,2023-11-12T17:00:00-07:00,Clear,47,F
Laramie-WY,2023-11-12T18:00:00-07:00,Clear,43,F
Laramie-WY,2023-11-12T19:00:00-07:00,Clear,40,F
Laramie-WY,2023-11-12T20:00:00-07:00,Clear,37,F
Laramie-WY,2023-11-12T21:00:00-07:00,Clear,34,F
Laramie-WY,2023-11-12T22:00:00-07:00,Clear,33,F
Gillette-WY,2023-11-11T00:00:00-07:00,Intermittent clouds,30,F
Gillette-WY,2023-11-11T01:00:00-07:00,Partly cloudy,29,F
Gillette-WY,2023-11-11T02:00:00-07:00,Partly cloudy,28,F
Gillette-WY,2023-11-11T03:00:00-07:00,Partly cloudy,26,F
Gillette-WY,2023-11-11T04:00:00-07:00,Partly cloudy,25,F
Gillette-WY,2023-11-11T05:00:00-07:00,Partly cloudy,24,F
Gillette-WY,2023-11-11T06:00:00-07:00,Partly cloudy,26,F
Gillette-WY,2023-11-11T07:00:00-07:00,Mostly sunny,30,F
Gillette-WY,2023-11-11T08:00:00-07:00,Mostly sunny,33,F
Gillette-WY,2023-11-11T09:00:00-07:00,Mostly sunny,39,F
Gillette-WY,2023-11-11T10:00:00-07:00,Mostly sunny,44,F
Gillette-WY,2023-11-11T11:00:00-07:00,Mostly sunny,46,F
Gillette-WY,2023-11-11T12:00:00-07:00,Mostly sunny,51,F
Gillette-WY,2023-11-11T13:00:00-07:00,Mostly sunny,53,F
Gillette-WY,2023-11-11T14:00:00-07:00,Mostly sunny,55,F
Gillette-WY,2023-11-11T15:00:00-07:00,Partly sunny,53,F
Gillette-WY,2023-11-11T16:00:00-07:00,Intermittent clouds,50,F
Gillette-WY,2023-11-11T17:00:00-07:00,Intermittent clouds,47,F
Gillette-WY,2023-11-11T18:00:00-07:00,Intermittent clouds,44,F
Gillette-WY,2023-11-11T19:00:00-07:00,Mostly clear,42,F
Gillette-WY,2023-11-11T20:00:00-07:00,Mostly clear,42,F
Gillette-WY,2023-11-11T21:00:00-07:00,Mostly clear,43,F
Gillette-WY,2023-11-11T22:00:00-07:00,Mostly clear,42,F
Gillette-WY,2023-11-11T23:00:00-07:00,Mostly clear,42,F
Gillette-WY,2023-11-12T00:00:00-07:00,Partly cloudy,43,F
Gillette-WY,2023-11-12T01:00:00-07:00,Partly cloudy,42,F
Gillette-WY,2023-11-12T02:00:00-07:00,Mostly clear,41,F
Gillette-WY,2023-11-12T03:00:00-07:00,Mostly clear,40,F
Gillette-WY,2023-11-12T04:00:00-07:00,Mostly clear,39,F
Gillette-WY,2023-11-12T05:00:00-07:00,Mostly clear,38,F
Gillette-WY,2023-11-12T06:00:00-07:00,Mostly clear,37,F
Gillette-WY,2023-11-12T07:00:00-07:00,Mostly sunny,38,F
Gillette-WY,2023-11-12T08:00:00-07:00,Mostly sunny,41,F
Gillette-WY,2023-11-12T09:00:00-07:00,Sunny,44,F
Gillette-WY,2023-11-12T10:00:00-07:00,Sunny,49,F
Gillette-WY,2023-11-12T11:00:00-07:00,Sunny,52,F
Gillette-WY,2023-11-12T11:00:00-07:00,Partly sunny,56,F
Gillette-WY,2023-11-12T12:00:00-07:00,Partly sunny,57,F
Gillette-WY,2023-11-12T13:00:00-07:00,Mostly sunny,59,F
Gillette-WY,2023-11-12T14:00:00-07:00,Sunny,60,F
Gillette-WY,2023-11-12T15:00:00-07:00,Sunny,58,F
Gillette-WY,2023-11-12T16:00:00-07:00,Sunny,54,F
Gillette-WY,2023-11-12T17:00:00-07:00,Clear,50,F
Gillette-WY,2023-11-12T18:00:00-07:00,Clear,47,F
Gillette-WY,2023-11-12T19:00:00-07:00,Mostly clear,44,F
Gillette-WY,2023-11-12T20:00:00-07:00,Mostly clear,42,F
Gillette-WY,2023-11-12T21:00:00-07:00,Mostly clear,41,F
Gillette-WY,2023-11-12T22:00:00-07:00,Mostly clear,40,F
SanJose-CA,2023-11-10T23:00:00-08:00,Intermittent clouds,54,F
SanJose-CA,2023-11-11T00:00:00-08:00,Partly cloudy,53,F
SanJose-CA,2023-11-11T01:00:00-08:00,Mostly clear,52,F
SanJose-CA,2023-11-11T02:00:00-08:00,Mostly clear,51,F
SanJose-CA,2023-11-11T03:00:00-08:00,Mostly clear,50,F
SanJose-CA,2023-11-11T04:00:00-08:00,Mostly clear,49,F
SanJose-CA,2023-11-11T05:00:00-08:00,Partly cloudy,48,F
SanJose-CA,2023-11-11T06:00:00-08:00,Intermittent clouds,49,F
SanJose-CA,2023-11-11T07:00:00-08:00,Mostly cloudy,50,F
SanJose-CA,2023-11-11T08:00:00-08:00,Mostly cloudy,53,F
SanJose-CA,2023-11-11T09:00:00-08:00,Mostly cloudy,58,F
SanJose-CA,2023-11-11T10:00:00-08:00,Mostly cloudy,62,F
SanJose-CA,2023-11-11T11:00:00-08:00,Mostly cloudy,67,F
SanJose-CA,2023-11-11T12:00:00-08:00,Mostly cloudy,70,F
SanJose-CA,2023-11-11T13:00:00-08:00,Mostly sunny,73,F
SanJose-CA,2023-11-11T14:00:00-08:00,Mostly sunny,76,F
SanJose-CA,2023-11-11T15:00:00-08:00,Mostly sunny,74,F
SanJose-CA,2023-11-11T16:00:00-08:00,Mostly sunny,72,F
SanJose-CA,2023-11-11T17:00:00-08:00,Mostly sunny,69,F
SanJose-CA,2023-11-11T18:00:00-08:00,Mostly clear,66,F
SanJose-CA,2023-11-11T19:00:00-08:00,Mostly clear,63,F
SanJose-CA,2023-11-11T20:00:00-08:00,Mostly clear,61,F
SanJose-CA,2023-11-11T21:00:00-08:00,Mostly clear,59,F
SanJose-CA,2023-11-11T22:00:00-08:00,Mostly clear,57,F
SanJose-CA,2023-11-11T23:00:00-08:00,Clear,56,F
SanJose-CA,2023-11-12T00:00:00-08:00,Mostly clear,54,F
SanJose-CA,2023-11-12T01:00:00-08:00,Mostly clear,53,F
SanJose-CA,2023-11-12T02:00:00-08:00,Mostly clear,52,F
SanJose-CA,2023-11-12T03:00:00-08:00,Mostly clear,51,F
SanJose-CA,2023-11-12T04:00:00-08:00,Mostly clear,50,F
SanJose-CA,2023-11-12T05:00:00-08:00,Mostly clear,48,F
SanJose-CA,2023-11-12T06:00:00-08:00,Mostly clear,50,F
SanJose-CA,2023-11-12T07:00:00-08:00,Hazy sunshine,51,F
SanJose-CA,2023-11-12T08:00:00-08:00,Hazy sunshine,55,F
SanJose-CA,2023-11-12T09:00:00-08:00,Hazy sunshine,61,F
SanJose-CA,2023-11-12T10:00:00-08:00,Hazy sunshine,67,F
SanJose-CA,2023-11-12T11:00:00-08:00,Partly sunny,71,F
SanJose-CA,2023-11-12T12:00:00-08:00,Partly sunny,74,F
SanJose-CA,2023-11-12T13:00:00-08:00,Mostly sunny,77,F
SanJose-CA,2023-11-12T14:00:00-08:00,Mostly sunny,75,F
SanJose-CA,2023-11-12T15:00:00-08:00,Mostly sunny,73,F
SanJose-CA,2023-11-12T16:00:00-08:00,Partly sunny,70,F
SanJose-CA,2023-11-12T17:00:00-08:00,Intermittent clouds,67,F
SanJose-CA,2023-11-12T18:00:00-08:00,Mostly cloudy,64,F
SanJose-CA,2023-11-12T19:00:00-08:00,Partly cloudy,62,F
SanJose-CA,2023-11-12T20:00:00-08:00,Partly cloudy,61,F
SanJose-CA,2023-11-12T21:00:00-08:00,Partly cloudy,60,F
SanJose-CA,2023-11-12T22:00:00-08:00,Partly cloudy,58,F
SanFrancisco-CA,2023-11-10T22:00:00-08:00,Mostly clear,57,F
SanFrancisco-CA,2023-11-10T23:00:00-08:00,Mostly clear,56,F
SanFrancisco-CA,2023-11-11T00:00:00-08:00,Mostly clear,55,F
SanFrancisco-CA,2023-11-11T01:00:00-08:00,Partly cloudy,54,F
SanFrancisco-CA,2023-11-11T02:00:00-08:00,Partly cloudy,53,F
SanFrancisco-CA,2023-11-11T03:00:00-08:00,Partly cloudy,53,F
SanFrancisco-CA,2023-11-11T04:00:00-08:00,Partly cloudy,52,F
SanFrancisco-CA,2023-11-11T05:00:00-08:00,Partly cloudy,52,F
SanFrancisco-CA,2023-11-11T06:00:00-08:00,Partly cloudy,51,F
SanFrancisco-CA,2023-11-11T07:00:00-08:00,Cloudy,51,F
SanFrancisco-CA,2023-11-11T08:00:00-08:00,Cloudy,52,F
SanFrancisco-CA,2023-11-11T09:00:00-08:00,Cloudy,55,F
SanFrancisco-CA,2023-11-11T10:00:00-08:00,Intermittent clouds,61,F
SanFrancisco-CA,2023-11-11T11:00:00-08:00,Mostly cloudy,63,F
SanFrancisco-CA,2023-11-11T12:00:00-08:00,Mostly cloudy,64,F
SanFrancisco-CA,2023-11-11T13:00:00-08:00,Mostly sunny,66,F
SanFrancisco-CA,2023-11-11T14:00:00-08:00,Mostly sunny,67,F
SanFrancisco-CA,2023-11-11T15:00:00-08:00,Mostly sunny,66,F
SanFrancisco-CA,2023-11-11T16:00:00-08:00,Mostly sunny,64,F
SanFrancisco-CA,2023-11-11T17:00:00-08:00,Mostly sunny,62,F
SanFrancisco-CA,2023-11-11T18:00:00-08:00,Mostly clear,59,F
SanFrancisco-CA,2023-11-11T19:00:00-08:00,Clear,57,F
SanFrancisco-CA,2023-11-11T20:00:00-08:00,Clear,56,F
SanFrancisco-CA,2023-11-11T21:00:00-08:00,Clear,54,F
SanFrancisco-CA,2023-11-11T22:00:00-08:00,Clear,55,F
SanFrancisco-CA,2023-11-11T23:00:00-08:00,Mostly clear,54,F
SanFrancisco-CA,2023-11-12T00:00:00-08:00,Partly cloudy,53,F
SanFrancisco-CA,2023-11-12T01:00:00-08:00,Intermittent clouds,53,F
SanFrancisco-CA,2023-11-12T02:00:00-08:00,Intermittent clouds,52,F
SanFrancisco-CA,2023-11-12T03:00:00-08:00,Intermittent clouds,51,F
SanFrancisco-CA,2023-11-12T04:00:00-08:00,Intermittent clouds,51,F
SanFrancisco-CA,2023-11-12T05:00:00-08:00,Intermittent clouds,50,F
SanFrancisco-CA,2023-11-12T06:00:00-08:00,Mostly cloudy,50,F
SanFrancisco-CA,2023-11-12T07:00:00-08:00,Hazy sunshine,50,F
SanFrancisco-CA,2023-11-12T08:00:00-08:00,Hazy sunshine,51,F
SanFrancisco-CA,2023-11-12T09:00:00-08:00,Hazy sunshine,54,F
SanFrancisco-CA,2023-11-12T11:00:00-08:00,Partly sunny,63,F
SanFrancisco-CA,2023-11-12T12:00:00-08:00,Partly sunny,64,F
SanFrancisco-CA,2023-11-12T13:00:00-08:00,Mostly sunny,66,F
SanFrancisco-CA,2023-11-12T14:00:00-08:00,Partly sunny,65,F
SanFrancisco-CA,2023-11-12T15:00:00-08:00,Intermittent clouds,63,F
SanFrancisco-CA,2023-11-12T16:00:00-08:00,Mostly cloudy,62,F
SanFrancisco-CA,2023-11-12T17:00:00-08:00,Mostly cloudy,59,F
SanFrancisco-CA,2023-11-12T18:00:00-08:00,Mostly cloudy,56,F
SanFrancisco-CA,2023-11-12T19:00:00-08:00,Partly cloudy,56,F
SanFrancisco-CA,2023-11-12T20:00:00-08:00,Partly cloudy,55,F
SanFrancisco-CA,2023-11-12T21:00:00-08:00,Mostly clear,54,F
SanFrancisco-CA,2023-11-12T22:00:00-08:00,Mostly clear,54,F
Fresno-CA,2023-11-10T23:00:00-08:00,Clear,47,F
Fresno-CA,2023-11-11T00:00:00-08:00,Clear,45,F
Fresno-CA,2023-11-11T01:00:00-08:00,Clear,44,F
Fresno-CA,2023-11-11T02:00:00-08:00,Clear,43,F
Fresno-CA,2023-11-11T03:00:00-08:00,Clear,42,F
Fresno-CA,2023-11-11T04:00:00-08:00,Clear,41,F
Fresno-CA,2023-11-11T05:00:00-08:00,Clear,41,F
Fresno-CA,2023-11-11T06:00:00-08:00,Clear,40,F
Fresno-CA,2023-11-11T07:00:00-08:00,Sunny,39,F
Fresno-CA,2023-11-11T08:00:00-08:00,Sunny,44,F
Fresno-CA,2023-11-11T09:00:00-08:00,Sunny,51,F
Fresno-CA,2023-11-11T10:00:00-08:00,Sunny,56,F
Fresno-CA,2023-11-11T11:00:00-08:00,Mostly sunny,62,F
Fresno-CA,2023-11-11T12:00:00-08:00,Mostly sunny,65,F
Fresno-CA,2023-11-11T13:00:00-08:00,Mostly sunny,67,F
Fresno-CA,2023-11-11T14:00:00-08:00,Sunny,69,F
Fresno-CA,2023-11-11T15:00:00-08:00,Sunny,72,F
Fresno-CA,2023-11-11T16:00:00-08:00,Sunny,69,F
Fresno-CA,2023-11-11T17:00:00-08:00,Clear,65,F
Fresno-CA,2023-11-11T18:00:00-08:00,Clear,61,F
Fresno-CA,2023-11-11T19:00:00-08:00,Clear,58,F
Fresno-CA,2023-11-11T20:00:00-08:00,Clear,55,F
Fresno-CA,2023-11-11T21:00:00-08:00,Clear,52,F
Fresno-CA,2023-11-11T22:00:00-08:00,Clear,50,F
Fresno-CA,2023-11-11T23:00:00-08:00,Clear,48,F
Fresno-CA,2023-11-12T00:00:00-08:00,Clear,46,F
Fresno-CA,2023-11-12T01:00:00-08:00,Clear,45,F
Fresno-CA,2023-11-12T02:00:00-08:00,Clear,43,F
Fresno-CA,2023-11-12T03:00:00-08:00,Clear,42,F
Fresno-CA,2023-11-12T04:00:00-08:00,Clear,42,F
Fresno-CA,2023-11-12T05:00:00-08:00,Clear,41,F
Fresno-CA,2023-11-12T06:00:00-08:00,Mostly clear,40,F
Fresno-CA,2023-11-12T07:00:00-08:00,Mostly sunny,39,F
Fresno-CA,2023-11-12T08:00:00-08:00,Mostly sunny,45,F
Fresno-CA,2023-11-12T09:00:00-08:00,Mostly sunny,52,F
Fresno-CA,2023-11-12T10:00:00-08:00,Mostly sunny,58,F
Fresno-CA,2023-11-12T11:00:00-08:00,Mostly sunny,66,F
Fresno-CA,2023-11-12T12:00:00-08:00,Mostly sunny,69,F
Fresno-CA,2023-11-12T13:00:00-08:00,Mostly sunny,71,F
Fresno-CA,2023-11-12T14:00:00-08:00,Mostly sunny,74,F
Fresno-CA,2023-11-12T15:00:00-08:00,Mostly sunny,76,F
Fresno-CA,2023-11-12T16:00:00-08:00,Mostly sunny,73,F
Fresno-CA,2023-11-12T17:00:00-08:00,Mostly clear,69,F
Fresno-CA,2023-11-12T18:00:00-08:00,Mostly clear,64,F
Fresno-CA,2023-11-12T19:00:00-08:00,Mostly clear,61,F
Fresno-CA,2023-11-12T20:00:00-08:00,Mostly clear,58,F
Fresno-CA,2023-11-12T21:00:00-08:00,Mostly clear,55,F
Fresno-CA,2023-11-12T22:00:00-08:00,Mostly clear,54,F
greatfalls-MT,2023-11-11T00:00:00-07:00,Mostly clear,36,F
greatfalls-MT,2023-11-11T01:00:00-07:00,Mostly clear,36,F
greatfalls-MT,2023-11-11T02:00:00-07:00,Mostly clear,35,F
greatfalls-MT,2023-11-11T03:00:00-07:00,Mostly clear,35,F
greatfalls-MT,2023-11-11T04:00:00-07:00,Partly cloudy,35,F
greatfalls-MT,2023-11-11T05:00:00-07:00,Intermittent clouds,36,F
greatfalls-MT,2023-11-11T06:00:00-07:00,Intermittent clouds,38,F
greatfalls-MT,2023-11-11T07:00:00-07:00,Mostly cloudy,39,F
greatfalls-MT,2023-11-11T08:00:00-07:00,Cloudy,42,F
greatfalls-MT,2023-11-11T09:00:00-07:00,Cloudy,44,F
greatfalls-MT,2023-11-11T10:00:00-07:00,Cloudy,46,F
greatfalls-MT,2023-11-11T11:00:00-07:00,Cloudy,48,F
greatfalls-MT,2023-11-11T12:00:00-07:00,Mostly cloudy,50,F
greatfalls-MT,2023-11-11T13:00:00-07:00,Mostly cloudy,52,F
greatfalls-MT,2023-11-11T14:00:00-07:00,Intermittent clouds,54,F
greatfalls-MT,2023-11-11T15:00:00-07:00,Intermittent clouds,56,F
greatfalls-MT,2023-11-11T16:00:00-07:00,Mostly cloudy,54,F
greatfalls-MT,2023-11-11T17:00:00-07:00,Mostly cloudy,51,F
greatfalls-MT,2023-11-11T18:00:00-07:00,Cloudy,48,F
greatfalls-MT,2023-11-11T19:00:00-07:00,Partly cloudy,47,F
greatfalls-MT,2023-11-11T20:00:00-07:00,Partly cloudy,45,F
greatfalls-MT,2023-11-11T21:00:00-07:00,Partly cloudy,43,F
greatfalls-MT,2023-11-11T22:00:00-07:00,Partly cloudy,42,F
greatfalls-MT,2023-11-11T23:00:00-07:00,Partly cloudy,41,F
greatfalls-MT,2023-11-12T00:00:00-07:00,Partly cloudy,40,F
greatfalls-MT,2023-11-12T01:00:00-07:00,Mostly clear,39,F
greatfalls-MT,2023-11-12T02:00:00-07:00,Partly cloudy,38,F
greatfalls-MT,2023-11-12T03:00:00-07:00,Partly cloudy,38,F
greatfalls-MT,2023-11-12T04:00:00-07:00,Partly cloudy,37,F
greatfalls-MT,2023-11-12T05:00:00-07:00,Partly cloudy,37,F
greatfalls-MT,2023-11-12T06:00:00-07:00,Partly cloudy,37,F
greatfalls-MT,2023-11-12T07:00:00-07:00,Hazy moonlight,39,F
greatfalls-MT,2023-11-12T08:00:00-07:00,Hazy sunshine,40,F
greatfalls-MT,2023-11-12T09:00:00-07:00,Hazy sunshine,43,F
greatfalls-MT,2023-11-12T10:00:00-07:00,Hazy sunshine,46,F
greatfalls-MT,2023-11-12T11:00:00-07:00,Hazy sunshine,49,F
greatfalls-MT,2023-11-12T12:00:00-07:00,Mostly cloudy,50,F
greatfalls-MT,2023-11-12T13:00:00-07:00,Intermittent clouds,52,F
greatfalls-MT,2023-11-12T14:00:00-07:00,Intermittent clouds,53,F
greatfalls-MT,2023-11-12T15:00:00-07:00,Intermittent clouds,55,F
greatfalls-MT,2023-11-12T16:00:00-07:00,Intermittent clouds,53,F
greatfalls-MT,2023-11-12T17:00:00-07:00,Intermittent clouds,49,F
greatfalls-MT,2023-11-12T18:00:00-07:00,Intermittent clouds,46,F
greatfalls-MT,2023-11-12T19:00:00-07:00,Partly cloudy,42,F
greatfalls-MT,2023-11-12T20:00:00-07:00,Partly cloudy,39,F
greatfalls-MT,2023-11-12T21:00:00-07:00,Partly cloudy,41,F
greatfalls-MT,2023-11-12T22:00:00-07:00,Partly cloudy,41,F
greatfalls-MT,2023-11-12T23:00:00-07:00,Partly cloudy,41,F
Butte-silverbow-MT,2023-11-11T00:00:00-07:00,Partly cloudy,25,F
Butte-silverbow-MT,2023-11-11T00:00:00-07:01,Partly cloudy,24,F
Butte-silverbow-MT,2023-11-11T00:00:00-07:02,Partly cloudy,24,F
Butte-silverbow-MT,2023-11-11T00:00:00-07:03,Partly cloudy,25,F
Butte-silverbow-MT,2023-11-11T00:00:00-07:04,Partly cloudy,25,F
Butte-silverbow-MT,2023-11-11T00:00:00-07:05,Partly cloudy,26,F
Butte-silverbow-MT,2023-11-11T00:00:00-07:06,Partly cloudy,26,F
Butte-silverbow-MT,2023-11-11T00:00:00-07:07,Intermittent clouds,26,F
Butte-silverbow-MT,2023-11-11T00:00:00-07:08,Intermittent clouds,27,F
Butte-silverbow-MT,2023-11-11T00:00:00-07:09,Intermittent clouds,31,F
Butte-silverbow-MT,2023-11-11T00:00:00-07:10,Intermittent clouds,37,F
Butte-silverbow-MT,2023-11-11T11:00:00-07:00,Intermittent clouds,41,F
Butte-silverbow-MT,2023-11-11T12:00:00-07:00,Mostly cloudy,48,F
Butte-silverbow-MT,2023-11-11T13:00:00-07:00,Intermittent clouds,49,F
Butte-silverbow-MT,2023-11-11T14:00:00-07:00,Intermittent clouds,50,F
Butte-silverbow-MT,2023-11-11T15:00:00-07:00,Intermittent clouds,51,F
Butte-silverbow-MT,2023-11-11T16:00:00-07:00,Intermittent clouds,49,F
Butte-silverbow-MT,2023-11-11T17:00:00-07:00,Intermittent clouds,46,F
Butte-silverbow-MT,2023-11-11T18:00:00-07:00,Intermittent clouds,43,F
Butte-silverbow-MT,2023-11-11T19:00:00-07:00,Partly cloudy,43,F
Butte-silverbow-MT,2023-11-11T20:00:00-07:00,Partly cloudy,41,F
Butte-silverbow-MT,2023-11-11T21:00:00-07:00,Partly cloudy,40,F
Butte-silverbow-MT,2023-11-11T22:00:00-07:00,Partly cloudy,38,F
Butte-silverbow-MT,2023-11-11T23:00:00-07:00,Partly cloudy,36,F
Butte-silverbow-MT,2023-11-12T00:00:00-07:00,Intermittent clouds,36,F
Butte-silverbow-MT,2023-11-12T01:00:00-07:00,Partly cloudy,35,F
Butte-silverbow-MT,2023-11-12T02:00:00-07:00,Partly cloudy,33,F
Butte-silverbow-MT,2023-11-12T03:00:00-07:00,Partly cloudy,32,F
Butte-silverbow-MT,2023-11-12T04:00:00-07:00,Partly cloudy,31,F
Butte-silverbow-MT,2023-11-12T05:00:00-07:00,Partly cloudy,29,F
Butte-silverbow-MT,2023-11-12T06:00:00-07:00,Partly cloudy,28,F
Butte-silverbow-MT,2023-11-12T07:00:00-07:00,Mostly clear,29,F
Butte-silverbow-MT,2023-11-12T08:00:00-07:00,Mostly sunny,30,F
Butte-silverbow-MT,2023-11-12T09:00:00-07:00,Mostly sunny,30,F
Butte-silverbow-MT,2023-11-12T10:00:00-07:00,Mostly sunny,36,F
Butte-silverbow-MT,2023-11-12T11:00:00-07:00,Mostly sunny,41,F
Butte-silverbow-MT,2023-11-12T12:00:00-07:00,Mostly sunny,49,F
Butte-silverbow-MT,2023-11-12T13:00:00-07:00,Mostly sunny,49,F
Butte-silverbow-MT,2023-11-12T14:00:00-07:00,Mostly sunny,50,F
Butte-silverbow-MT,2023-11-12T15:00:00-07:00,Mostly sunny,48,F
Butte-silverbow-MT,2023-11-12T16:00:00-07:00,Mostly sunny,45,F
Butte-silverbow-MT,2023-11-12T17:00:00-07:00,Mostly sunny,43,F
Butte-silverbow-MT,2023-11-12T18:00:00-07:00,Mostly clear,40,F
Butte-silverbow-MT,2023-11-12T19:00:00-07:00,Mostly clear,38,F
Butte-silverbow-MT,2023-11-12T20:00:00-07:00,Mostly clear,36,F
Butte-silverbow-MT,2023-11-12T21:00:00-07:00,Mostly clear,34,F
Butte-silverbow-MT,2023-11-12T22:00:00-07:00,Mostly clear,35,F
Butte-silverbow-MT,2023-11-12T23:00:00-07:00,Mostly clear,35,F
Bozeman-MT,2023-11-11T00:00:00-07:00,Intermittent clouds,26,F
Bozeman-MT,2023-11-11T01:00:00-07:00,Mostly cloudy,24,F
Bozeman-MT,2023-11-11T02:00:00-07:00,Mostly cloudy,23,F
Bozeman-MT,2023-11-11T03:00:00-07:00,Mostly cloudy,24,F
Bozeman-MT,2023-11-11T04:00:00-07:00,Mostly cloudy,25,F
Bozeman-MT,2023-11-11T05:00:00-07:00,Mostly cloudy,26,F
Bozeman-MT,2023-11-11T06:00:00-07:00,Cloudy,27,F
Bozeman-MT,2023-11-11T07:00:00-07:00,Cloudy,27,F
Bozeman-MT,2023-11-11T08:00:00-07:00,Cloudy,29,F
Bozeman-MT,2023-11-11T09:00:00-07:00,Cloudy,33,F
Bozeman-MT,2023-11-11T10:00:00-07:00,Cloudy,37,F
Bozeman-MT,2023-11-11T11:00:00-07:00,Cloudy,40,F
Bozeman-MT,2023-11-11T12:00:00-07:00,Mostly cloudy,46,F
Bozeman-MT,2023-11-11T13:00:00-07:00,Mostly cloudy,48,F
Bozeman-MT,2023-11-11T14:00:00-07:00,Cloudy,47,F
Bozeman-MT,2023-11-11T15:00:00-07:00,Cloudy,46,F
Bozeman-MT,2023-11-11T16:00:00-07:00,Cloudy,45,F
Bozeman-MT,2023-11-11T17:00:00-07:00,Cloudy,42,F
Bozeman-MT,2023-11-11T18:00:00-07:00,Mostly cloudy,42,F
Bozeman-MT,2023-11-11T19:00:00-07:00,Partly cloudy,41,F
Bozeman-MT,2023-11-11T20:00:00-07:00,Partly cloudy,41,F
Bozeman-MT,2023-11-11T21:00:00-07:00,Partly cloudy,40,F
Bozeman-MT,2023-11-11T22:00:00-07:00,Partly cloudy,39,F
Bozeman-MT,2023-11-11T23:00:00-07:00,Partly cloudy,38,F
Bozeman-MT,2023-11-12T00:00:00-07:00,Partly cloudy,41,F
Bozeman-MT,2023-11-12T01:00:00-07:00,Partly cloudy,39,F
Bozeman-MT,2023-11-12T02:00:00-07:00,Partly cloudy,37,F
Bozeman-MT,2023-11-12T03:00:00-07:00,Partly cloudy,35,F
Bozeman-MT,2023-11-12T04:00:00-07:00,Partly cloudy,33,F
Bozeman-MT,2023-11-12T05:00:00-07:00,Partly cloudy,31,F
Bozeman-MT,2023-11-12T06:00:00-07:00,Partly cloudy,29,F
Bozeman-MT,2023-11-12T07:00:00-07:00,Mostly clear,29,F
Bozeman-MT,2023-11-12T08:00:00-07:00,Mostly sunny,32,F
Bozeman-MT,2023-11-12T09:00:00-07:00,Mostly sunny,34,F
Bozeman-MT,2023-11-12T10:00:00-07:00,Mostly sunny,38,F
Bozeman-MT,2023-11-12T11:00:00-07:00,Mostly sunny,42,F
Bozeman-MT,2023-11-12T12:00:00-07:00,Mostly sunny,50,F
Bozeman-MT,2023-11-12T13:00:00-07:00,Mostly sunny,50,F
Bozeman-MT,2023-11-12T14:00:00-07:00,Mostly sunny,51,F
Bozeman-MT,2023-11-12T15:00:00-07:00,Mostly sunny,49,F
Bozeman-MT,2023-11-12T16:00:00-07:00,Mostly sunny,47,F
Bozeman-MT,2023-11-12T17:00:00-07:00,Mostly clear,44,F
Bozeman-MT,2023-11-12T18:00:00-07:00,Mostly clear,41,F
Bozeman-MT,2023-11-12T19:00:00-07:00,Mostly clear,39,F
Bozeman-MT,2023-11-12T20:00:00-07:00,Mostly clear,36,F
Bozeman-MT,2023-11-12T21:00:00-07:00,Mostly clear,35,F
Bozeman-MT,2023-11-12T22:00:00-07:00,Mostly clear,36,F
Bozeman-MT,2023-11-12T23:00:00-07:00,Mostly clear,36,F
Missoula-MT,2023-11-11T00:00:00-07:00,Cloudy,30,F
Missoula-MT,2023-11-11T01:00:00-07:00,Cloudy,31,F
Missoula-MT,2023-11-11T02:00:00-07:00,Cloudy,31,F
Missoula-MT,2023-11-11T03:00:00-07:00,Cloudy,31,F
Missoula-MT,2023-11-11T04:00:00-07:00,Cloudy,32,F
Missoula-MT,2023-11-11T05:00:00-07:00,Cloudy,32,F
Missoula-MT,2023-11-11T06:00:00-07:00,Cloudy,33,F
Missoula-MT,2023-11-11T07:00:00-07:00,Cloudy,33,F
Missoula-MT,2023-11-11T08:00:00-07:00,Cloudy,33,F
Missoula-MT,2023-11-11T09:00:00-07:00,Cloudy,35,F
Missoula-MT,2023-11-11T10:00:00-07:00,Cloudy,38,F
Missoula-MT,2023-11-11T11:00:00-07:00,Cloudy,41,F
Missoula-MT,2023-11-11T12:00:00-07:00,Cloudy,46,F
Missoula-MT,2023-11-11T13:00:00-07:00,Cloudy,48,F
Missoula-MT,2023-11-11T14:00:00-07:00,Cloudy,50,F
Missoula-MT,2023-11-11T15:00:00-07:00,Showers,51,F
Missoula-MT,2023-11-11T16:00:00-07:00,Cloudy,50,F
Missoula-MT,2023-11-11T17:00:00-07:00,Showers,48,F
Missoula-MT,2023-11-11T18:00:00-07:00,Cloudy,46,F
Missoula-MT,2023-11-11T19:00:00-07:00,Showers,45,F
Missoula-MT,2023-11-11T20:00:00-07:00,Mostly cloudy,45,F
Missoula-MT,2023-11-11T21:00:00-07:00,Mostly cloudy,44,F
Missoula-MT,2023-11-11T22:00:00-07:00,Showers,44,F
Missoula-MT,2023-11-11T23:00:00-07:00,Cloudy,44,F
Missoula-MT,2023-11-12T00:00:00-07:00,Mostly cloudy,40,F
Missoula-MT,2023-11-12T01:00:00-07:00,Cloudy,39,F
Missoula-MT,2023-11-12T02:00:00-07:00,Cloudy,39,F
Missoula-MT,2023-11-12T03:00:00-07:00,Cloudy,39,F
Missoula-MT,2023-11-12T04:00:00-07:00,Cloudy,38,F
Missoula-MT,2023-11-12T05:00:00-07:00,Cloudy,38,F
Missoula-MT,2023-11-12T06:00:00-07:00,Cloudy,38,F
Missoula-MT,2023-11-12T07:00:00-07:00,Intermittent clouds,37,F
Missoula-MT,2023-11-12T08:00:00-07:00,Intermittent clouds,37,F
Missoula-MT,2023-11-12T09:00:00-07:00,Intermittent clouds,36,F
Missoula-MT,2023-11-12T10:00:00-07:00,Intermittent clouds,39,F
Missoula-MT,2023-11-12T11:00:00-07:00,Intermittent clouds,42,F
Missoula-MT,2023-11-12T12:00:00-07:00,Intermittent clouds,48,F
Missoula-MT,2023-11-12T13:00:00-07:00,Intermittent clouds,49,F
Missoula-MT,2023-11-12T14:00:00-07:00,Intermittent clouds,50,F
Missoula-MT,2023-11-12T15:00:00-07:00,Intermittent clouds,51,F
Missoula-MT,2023-11-12T16:00:00-07:00,Intermittent clouds,49,F
Missoula-MT,2023-11-12T17:00:00-07:00,Partly sunny,47,F
Missoula-MT,2023-11-12T18:00:00-07:00,Partly cloudy,44,F
Missoula-MT,2023-11-12T19:00:00-07:00,Mostly clear,42,F
Missoula-MT,2023-11-12T20:00:00-07:00,Partly cloudy,41,F
Missoula-MT,2023-11-12T21:00:00-07:00,Partly cloudy,39,F
Missoula-MT,2023-11-12T22:00:00-07:00,Partly cloudy,37,F
Missoula-MT,2023-11-12T23:00:00-07:00,Partly cloudy,36,F
Helena-MT,2023-11-11T00:00:00-07:00,Intermittent clouds,34,F
Helena-MT,2023-11-11T01:00:00-07:00,Intermittent clouds,32,F
Helena-MT,2023-11-11T02:00:00-07:00,Mostly cloudy,31,F
Helena-MT,2023-11-11T03:00:00-07:00,Mostly cloudy,31,F
Helena-MT,2023-11-11T04:00:00-07:00,Mostly cloudy,31,F
Helena-MT,2023-11-11T05:00:00-07:00,Cloudy,31,F
Helena-MT,2023-11-11T06:00:00-07:00,Cloudy,31,F
Helena-MT,2023-11-11T07:00:00-07:00,Cloudy,32,F
Helena-MT,2023-11-11T08:00:00-07:00,Cloudy,33,F
Helena-MT,2023-11-11T09:00:00-07:00,Mostly cloudy,36,F
Helena-MT,2023-11-11T10:00:00-07:00,Intermittent clouds,38,F
Helena-MT,2023-11-11T11:00:00-07:00,Intermittent clouds,41,F
Helena-MT,2023-11-11T12:00:00-07:00,Intermittent clouds,47,F
Helena-MT,2023-11-11T13:00:00-07:00,Mostly sunny,50,F
Helena-MT,2023-11-11T14:00:00-07:00,Partly sunny,52,F
Helena-MT,2023-11-11T15:00:00-07:00,Intermittent clouds,54,F
Helena-MT,2023-11-11T16:00:00-07:00,Mostly cloudy,52,F
Helena-MT,2023-11-11T17:00:00-07:00,Cloudy,51,F
Helena-MT,2023-11-11T18:00:00-07:00,Cloudy,50,F
Helena-MT,2023-11-11T19:00:00-07:00,Cloudy,49,F
Helena-MT,2023-11-11T20:00:00-07:00,Mostly cloudy,48,F
Helena-MT,2023-11-11T21:00:00-07:00,Mostly cloudy,46,F
Helena-MT,2023-11-11T22:00:00-07:00,Intermittent clouds,45,F
Helena-MT,2023-11-11T23:00:00-07:00,Intermittent clouds,44,F
Helena-MT,2023-11-12T00:00:00-07:00,Showers,43,F
Helena-MT,2023-11-12T01:00:00-07:00,Showers,41,F
Helena-MT,2023-11-12T02:00:00-07:00,Partly cloudy,40,F
Helena-MT,2023-11-12T03:00:00-07:00,Partly cloudy,39,F
Helena-MT,2023-11-12T04:00:00-07:00,Partly cloudy,38,F
Helena-MT,2023-11-12T05:00:00-07:00,Partly cloudy,37,F
Helena-MT,2023-11-12T06:00:00-07:00,Partly cloudy,36,F
Helena-MT,2023-11-12T07:00:00-07:00,Partly cloudy,37,F
Helena-MT,2023-11-12T08:00:00-07:00,Mostly sunny,37,F
Helena-MT,2023-11-12T09:00:00-07:00,Partly sunny,38,F
Helena-MT,2023-11-12T10:00:00-07:00,Intermittent clouds,41,F
Helena-MT,2023-11-12T11:00:00-07:00,Intermittent clouds,44,F
Helena-MT,2023-11-12T12:00:00-07:00,Partly sunny,49,F
Helena-MT,2023-11-12T13:00:00-07:00,Mostly sunny,50,F
Helena-MT,2023-11-12T14:00:00-07:00,Mostly sunny,51,F
Helena-MT,2023-11-12T15:00:00-07:00,Partly sunny,52,F
Helena-MT,2023-11-12T16:00:00-07:00,Intermittent clouds,50,F
Helena-MT,2023-11-12T17:00:00-07:00,Intermittent clouds,47,F
Helena-MT,2023-11-12T18:00:00-07:00,Intermittent clouds,44,F
Helena-MT,2023-11-12T19:00:00-07:00,Partly cloudy,41,F
Helena-MT,2023-11-12T20:00:00-07:00,Mostly clear,39,F
Helena-MT,2023-11-12T21:00:00-07:00,Mostly clear,38,F
Helena-MT,2023-11-12T22:00:00-07:00,Mostly clear,38,F
Helena-MT,2023-11-12T23:00:00-07:00,Mostly clear,37,F
Kalispell-MT,2023-11-11T00:00:00-07:00,Cloudy,33,F
Kalispell-MT,2023-11-11T01:00:00-07:00,Cloudy,32,F
Kalispell-MT,2023-11-11T02:00:00-07:00,Cloudy,32,F
Kalispell-MT,2023-11-11T03:00:00-07:00,Cloudy,32,F
Kalispell-MT,2023-11-11T04:00:00-07:00,Cloudy,32,F
Kalispell-MT,2023-11-11T05:00:00-07:00,Cloudy,32,F
Kalispell-MT,2023-11-11T06:00:00-07:00,Cloudy,32,F
Kalispell-MT,2023-11-11T07:00:00-07:00,Cloudy,32,F
Kalispell-MT,2023-11-11T08:00:00-07:00,Cloudy,32,F
Kalispell-MT,2023-11-11T09:00:00-07:00,Cloudy,34,F
Kalispell-MT,2023-11-11T10:00:00-07:00,Cloudy,37,F
Kalispell-MT,2023-11-11T11:00:00-07:00,Cloudy,39,F
Kalispell-MT,2023-11-11T12:00:00-07:00,Showers,44,F
Kalispell-MT,2023-11-11T13:00:00-07:00,Cloudy,44,F
Kalispell-MT,2023-11-11T14:00:00-07:00,Cloudy,45,F
Kalispell-MT,2023-11-11T15:00:00-07:00,Rain,44,F
Kalispell-MT,2023-11-11T16:00:00-07:00,Rain,42,F
Kalispell-MT,2023-11-11T17:00:00-07:00,Cloudy,40,F
Kalispell-MT,2023-11-11T18:00:00-07:00,Cloudy,39,F
Kalispell-MT,2023-11-11T19:00:00-07:00,Intermittent clouds,39,F
Kalispell-MT,2023-11-11T20:00:00-07:00,Intermittent clouds,39,F
Kalispell-MT,2023-11-11T21:00:00-07:00,Intermittent clouds,39,F
Kalispell-MT,2023-11-11T22:00:00-07:00,Intermittent clouds,38,F
Kalispell-MT,2023-11-11T23:00:00-07:00,Intermittent clouds,37,F
Kalispell-MT,2023-11-12T00:00:00-07:00,Mostly cloudy,37,F
Kalispell-MT,2023-11-12T01:00:00-07:00,Showers,36,F
Kalispell-MT,2023-11-12T02:00:00-07:00,Cloudy,36,F
Kalispell-MT,2023-11-12T03:00:00-07:00,Cloudy,35,F
Kalispell-MT,2023-11-12T04:00:00-07:00,Cloudy,34,F
Kalispell-MT,2023-11-12T05:00:00-07:00,Cloudy,34,F
Kalispell-MT,2023-11-12T06:00:00-07:00,Cloudy,33,F
Kalispell-MT,2023-11-12T07:00:00-07:00,Cloudy,32,F
Kalispell-MT,2023-11-12T08:00:00-07:00,Cloudy,33,F
Kalispell-MT,2023-11-12T09:00:00-07:00,Cloudy,33,F
Kalispell-MT,2023-11-12T10:00:00-07:00,Cloudy,36,F
Kalispell-MT,2023-11-12T11:00:00-07:00,Cloudy,39,F
Kalispell-MT,2023-11-12T12:00:00-07:00,Cloudy,44,F
Kalispell-MT,2023-11-12T13:00:00-07:00,Partly sunny,45,F
Kalispell-MT,2023-11-12T14:00:00-07:00,Partly sunny,46,F
Kalispell-MT,2023-11-12T15:00:00-07:00,Partly sunny,46,F
Kalispell-MT,2023-11-12T16:00:00-07:00,Partly sunny,44,F
Kalispell-MT,2023-11-12T17:00:00-07:00,Partly sunny,43,F
Kalispell-MT,2023-11-12T18:00:00-07:00,Partly cloudy,40,F
Kalispell-MT,2023-11-12T19:00:00-07:00,Mostly clear,38,F
Kalispell-MT,2023-11-12T20:00:00-07:00,Mostly clear,36,F
Kalispell-MT,2023-11-12T21:00:00-07:00,Mostly clear,35,F
Kalispell-MT,2023-11-12T22:00:00-07:00,Mostly clear,34,F
Kalispell-MT,2023-11-12T23:00:00-07:00,Mostly clear,33,F
Beaverton-OR,2023-11-10T23:00:00-08:00,Cloudy,50,F
Beaverton-OR,2023-11-11T00:00:00-08:00,Cloudy,50,F
Beaverton-OR,2023-11-11T01:00:00-08:00,Cloudy,50,F
Beaverton-OR,2023-11-11T02:00:00-08:00,Cloudy,50,F
Beaverton-OR,2023-11-11T03:00:00-08:00,Cloudy,50,F
Beaverton-OR,2023-11-11T04:00:00-08:00,Cloudy,50,F
Beaverton-OR,2023-11-11T05:00:00-08:00,Rain,50,F
Beaverton-OR,2023-11-11T06:00:00-08:00,Cloudy,51,F
Beaverton-OR,2023-11-11T07:00:00-08:00,Cloudy,51,F
Beaverton-OR,2023-11-11T08:00:00-08:00,Cloudy,51,F
Beaverton-OR,2023-11-11T09:00:00-08:00,Rain,51,F
Beaverton-OR,2023-11-11T10:00:00-08:00,Rain,52,F
Beaverton-OR,2023-11-11T11:00:00-08:00,Rain,53,F
Beaverton-OR,2023-11-11T12:00:00-08:00,Cloudy,54,F
Beaverton-OR,2023-11-11T13:00:00-08:00,Intermittentclouds,55,F
Beaverton-OR,2023-11-11T14:00:00-08:00,Intermittentclouds,56,F
Beaverton-OR,2023-11-11T15:00:00-08:00,Intermittentclouds,55,F
Beaverton-OR,2023-11-11T16:00:00-08:00,Mostlycloudyw/showers,53,F
Beaverton-OR,2023-11-11T17:00:00-08:00,Intermittentclouds,52,F
Beaverton-OR,2023-11-11T18:00:00-08:00,Intermittentclouds,51,F
Beaverton-OR,2023-11-11T19:00:00-08:00,Cloudy,50,F
Beaverton-OR,2023-11-11T20:00:00-08:00,Cloudy,50,F
Beaverton-OR,2023-11-11T21:00:00-08:00,Cloudy,49,F
Beaverton-OR,2023-11-11T22:00:00-08:00,Cloudy,49,F
Beaverton-OR,2023-11-11T23:00:00-08:00,Cloudy,48,F
Beaverton-OR,2023-11-12T00:00:00-08:00,Showers,47,F
Beaverton-OR,2023-11-12T01:00:00-08:00,Cloudy,47,F
Beaverton-OR,2023-11-12T02:00:00-08:00,Cloudy,46,F
Beaverton-OR,2023-11-12T03:00:00-08:00,Cloudy,45,F
Beaverton-OR,2023-11-12T04:00:00-08:00,Cloudy,45,F
Beaverton-OR,2023-11-12T05:00:00-08:00,Cloudy,44,F
Beaverton-OR,2023-11-12T06:00:00-08:00,Cloudy,45,F
Beaverton-OR,2023-11-12T07:00:00-08:00,Cloudy,45,F
Beaverton-OR,2023-11-12T08:00:00-08:00,Cloudy,46,F
Beaverton-OR,2023-11-12T09:00:00-08:00,Cloudy,48,F
Beaverton-OR,2023-11-12T10:00:00-08:00,Cloudy,49,F
Beaverton-OR,2023-11-12T11:00:00-08:00,Cloudy,53,F
Beaverton-OR,2023-11-12T12:00:00-08:00,Cloudy,54,F
Beaverton-OR,2023-11-12T13:00:00-08:00,Cloudy,56,F
Beaverton-OR,2023-11-12T14:00:00-08:00,Cloudy,57,F
Beaverton-OR,2023-11-12T15:00:00-08:00,Cloudy,56,F
Beaverton-OR,2023-11-12T16:00:00-08:00,Cloudy,55,F
Beaverton-OR,2023-11-12T17:00:00-08:00,Rain,55,F
Beaverton-OR,2023-11-12T18:00:00-08:00,Rain,54,F
Beaverton-OR,2023-11-12T19:00:00-08:00,Rain,54,F
Beaverton-OR,2023-11-12T20:00:00-08:00,Cloudy,53,F
Beaverton-OR,2023-11-12T21:00:00-08:00,Cloudy,52,F
Beaverton-OR,2023-11-12T22:00:00-08:00,Rain,52,F
Medford-OR,2023-11-10T23:00:00-08:00,Mostlycloudy,47,F
Medford-OR,2023-11-11T00:00:00-08:00,Mostlycloudy,46,F
Medford-OR,2023-11-11T01:00:00-08:00,Cloudy,45,F
Medford-OR,2023-11-11T02:00:00-08:00,Mostlycloudy,44,F
Medford-OR,2023-11-11T03:00:00-08:00,Mostlycloudy,43,F
Medford-OR,2023-11-11T04:00:00-08:00,Cloudy,42,F
Medford-OR,2023-11-11T05:00:00-08:00,Cloudy,41,F
Medford-OR,2023-11-11T06:00:00-08:00,Cloudy,40,F
Medford-OR,2023-11-11T07:00:00-08:00,Partlysunny,40,F
Medford-OR,2023-11-11T08:00:00-08:00,Partlysunny,41,F
Medford-OR,2023-11-11T09:00:00-08:00,Partlysunny,43,F
Medford-OR,2023-11-11T10:00:00-08:00,Partlysunny,46,F
Medford-OR,2023-11-11T11:00:00-08:00,Partlysunny,51,F
Medford-OR,2023-11-11T12:00:00-08:00,Partlysunny,53,F
Medford-OR,2023-11-11T13:00:00-08:00,Partlysunny,55,F
Medford-OR,2023-11-11T14:00:00-08:00,Partlysunny,57,F
Medford-OR,2023-11-11T15:00:00-08:00,Partlysunny,59,F
Medford-OR,2023-11-11T16:00:00-08:00,Partlysunny,58,F
Medford-OR,2023-11-11T17:00:00-08:00,Partlycloudy,55,F
Medford-OR,2023-11-11T18:00:00-08:00,Partlycloudy,53,F
Medford-OR,2023-11-11T19:00:00-08:00,Mostlyclear,51,F
Medford-OR,2023-11-11T20:00:00-08:00,Mostlyclear,49,F
Medford-OR,2023-11-11T21:00:00-08:00,Mostlyclear,46,F
Medford-OR,2023-11-11T22:00:00-08:00,Mostlyclear,45,F
Medford-OR,2023-11-11T23:00:00-08:00,Mostlyclear,43,F
Medford-OR,2023-11-12T00:00:00-08:00,Mostlyclear,42,F
Medford-OR,2023-11-12T01:00:00-08:00,Intermittentclouds,41,F
Medford-OR,2023-11-12T02:00:00-08:00,Intermittentclouds,41,F
Medford-OR,2023-11-12T03:00:00-08:00,Mostlycloudy,40,F
Medford-OR,2023-11-12T04:00:00-08:00,Cloudy,39,F
Medford-OR,2023-11-12T05:00:00-08:00,Cloudy,38,F
Medford-OR,2023-11-12T06:00:00-08:00,Cloudy,37,F
Medford-OR,2023-11-12T07:00:00-08:00,Partlysunny,37,F
Medford-OR,2023-11-12T08:00:00-08:00,Partlysunny,38,F
Medford-OR,2023-11-12T09:00:00-08:00,Partlysunny,40,F
Medford-OR,2023-11-12T10:00:00-08:00,Partlysunny,43,F
Medford-OR,2023-11-12T11:00:00-08:00,Partlysunny,45,F
Medford-OR,2023-11-12T12:00:00-08:00,Partlysunny,48,F
Medford-OR,2023-11-12T13:00:00-08:00,Mostlysunny,51,F
Medford-OR,2023-11-12T14:00:00-08:00,Mostlysunny,54,F
Medford-OR,2023-11-12T15:00:00-08:00,Mostlysunny,56,F
Medford-OR,2023-11-12T16:00:00-08:00,Partlysunny,57,F
Medford-OR,2023-11-12T17:00:00-08:00,Partlycloudy,54,F
Medford-OR,2023-11-12T18:00:00-08:00,Partlycloudy,52,F
Medford-OR,2023-11-12T19:00:00-08:00,Mostlyclear,50,F
Medford-OR,2023-11-12T20:00:00-08:00,Mostlyclear,49,F
Medford-OR,2023-11-12T21:00:00-08:00,Mostlyclear,48,F
Medford-OR,2023-11-12T22:00:00-08:00,Mostlyclear,47,F
Johnday-OR,2023-11-10T23:00:00-08:00,Intermittentclouds,37,F
Johnday-OR,2023-11-11T00:00:00-08:00,Intermittentclouds,37,F
Johnday-OR,2023-11-11T01:00:00-08:00,Intermittentclouds,36,F
Johnday-OR,2023-11-11T02:00:00-08:00,Intermittentclouds,36,F
Johnday-OR,2023-11-11T03:00:00-08:00,Intermittentclouds,36,F
Johnday-OR,2023-11-11T04:00:00-08:00,Intermittentclouds,36,F
Johnday-OR,2023-11-11T05:00:00-08:00,Intermittentclouds,35,F
Johnday-OR,2023-11-11T06:00:00-08:00,Intermittentclouds,36,F
Johnday-OR,2023-11-11T07:00:00-08:00,Mostlycloudy,38,F
Johnday-OR,2023-11-11T08:00:00-08:00,Mostlycloudy,39,F
Johnday-OR,2023-11-11T09:00:00-08:00,Mostlycloudy,44,F
Johnday-OR,2023-11-11T10:00:00-08:00,Mostlycloudy,47,F
Johnday-OR,2023-11-11T11:00:00-08:00,Mostlycloudy,50,F
Johnday-OR,2023-11-11T12:00:00-08:00,Mostlycloudy,52,F
Johnday-OR,2023-11-11T13:00:00-08:00,Cloudy,53,F
Johnday-OR,2023-11-11T14:00:00-08:00,Cloudy,54,F
Johnday-OR,2023-11-11T15:00:00-08:00,Cloudy,53,F
Johnday-OR,2023-11-11T16:00:00-08:00,Cloudy,51,F
Johnday-OR,2023-11-11T17:00:00-08:00,Mostlycloudy,50,F
Johnday-OR,2023-11-11T18:00:00-08:00,Mostlycloudy,48,F
Johnday-OR,2023-11-11T19:00:00-08:00,Partlycloudy,46,F
Johnday-OR,2023-11-11T20:00:00-08:00,Partlycloudy,45,F
Johnday-OR,2023-11-11T21:00:00-08:00,Partlycloudy,44,F
Johnday-OR,2023-11-11T22:00:00-08:00,Partlycloudy,43,F
Johnday-OR,2023-11-11T23:00:00-08:00,Partlycloudy,42,F
Johnday-OR,2023-11-12T00:00:00-08:00,Partlycloudy,40,F
Johnday-OR,2023-11-12T01:00:00-08:00,Mostlycloudy,39,F
Johnday-OR,2023-11-12T02:00:00-08:00,Mostlycloudy,37,F
Johnday-OR,2023-11-12T03:00:00-08:00,Cloudy,36,F
Johnday-OR,2023-11-12T04:00:00-08:00,Cloudy,36,F
Johnday-OR,2023-11-12T05:00:00-08:00,Mostlycloudy,37,F
Johnday-OR,2023-11-12T06:00:00-08:00,Mostlycloudy,37,F
Johnday-OR,2023-11-12T07:00:00-08:00,Intermittentclouds,37,F
Johnday-OR,2023-11-12T08:00:00-08:00,Intermittentclouds,39,F
Johnday-OR,2023-11-12T09:00:00-08:00,Intermittentclouds,44,F
Johnday-OR,2023-11-12T10:00:00-08:00,Partlysunny,47,F
Johnday-OR,2023-11-12T11:00:00-08:00,Partlysunny,51,F
Johnday-OR,2023-11-12T12:00:00-08:00,Partlysunny,54,F
Johnday-OR,2023-11-12T13:00:00-08:00,Partlysunny,57,F
Johnday-OR,2023-11-12T14:00:00-08:00,Partlysunny,59,F
Johnday-OR,2023-11-12T15:00:00-08:00,Partlysunny,57,F
Johnday-OR,2023-11-12T16:00:00-08:00,Intermittentclouds,55,F
Johnday-OR,2023-11-12T17:00:00-08:00,Intermittentclouds,52,F
Johnday-OR,2023-11-12T18:00:00-08:00,Intermittentclouds,50,F
Johnday-OR,2023-11-12T19:00:00-08:00,Cloudy,49,F
Johnday-OR,2023-11-12T20:00:00-08:00,Cloudy,48,F
Johnday-OR,2023-11-12T21:00:00-08:00,Cloudy,47,F
Johnday-OR,2023-11-12T22:00:00-08:00,Cloudy,46,F
Roseburg-OR,2023-11-10T23:00:00-08:00,Cloudy,44,F
Roseburg-OR,2023-11-11T00:00:00-08:00,Cloudy,43,F
Roseburg-OR,2023-11-11T01:00:00-08:00,Cloudy,44,F
Roseburg-OR,2023-11-11T02:00:00-08:00,Cloudy,44,F
Roseburg-OR,2023-11-11T03:00:00-08:00,Cloudy,45,F
Roseburg-OR,2023-11-11T04:00:00-08:00,Cloudy,45,F
Roseburg-OR,2023-11-11T05:00:00-08:00,Cloudy,45,F
Roseburg-OR,2023-11-11T06:00:00-08:00,Cloudy,46,F
Roseburg-OR,2023-11-11T07:00:00-08:00,Cloudy,47,F
Roseburg-OR,2023-11-11T08:00:00-08:00,Cloudy,48,F
Roseburg-OR,2023-11-11T09:00:00-08:00,Cloudy,50,F
Roseburg-OR,2023-11-11T10:00:00-08:00,Cloudy,52,F
Roseburg-OR,2023-11-11T11:00:00-08:00,Cloudy,53,F
Roseburg-OR,2023-11-11T12:00:00-08:00,Cloudy,56,F
Roseburg-OR,2023-11-11T13:00:00-08:00,Cloudy,60,F
Roseburg-OR,2023-11-11T14:00:00-08:00,Cloudy,59,F
Roseburg-OR,2023-11-11T15:00:00-08:00,Showers,58,F
Roseburg-OR,2023-11-11T16:00:00-08:00,Cloudy,58,F
Roseburg-OR,2023-11-11T17:00:00-08:00,Cloudy,57,F
Roseburg-OR,2023-11-11T18:00:00-08:00,Showers,55,F
Roseburg-OR,2023-11-11T19:00:00-08:00,Cloudy,54,F
Roseburg-OR,2023-11-11T20:00:00-08:00,Cloudy,52,F
Roseburg-OR,2023-11-11T21:00:00-08:00,Cloudy,51,F
Roseburg-OR,2023-11-11T22:00:00-08:00,Cloudy,50,F
Roseburg-OR,2023-11-11T23:00:00-08:00,Cloudy,50,F
Roseburg-OR,2023-11-12T00:00:00-08:00,Cloudy,49,F
Roseburg-OR,2023-11-12T01:00:00-08:00,Cloudy,48,F
Roseburg-OR,2023-11-12T02:00:00-08:00,Cloudy,47,F
Roseburg-OR,2023-11-12T03:00:00-08:00,Cloudy,47,F
Roseburg-OR,2023-11-12T04:00:00-08:00,Cloudy,46,F
Roseburg-OR,2023-11-12T05:00:00-08:00,Cloudy,46,F
Roseburg-OR,2023-11-12T06:00:00-08:00,Cloudy,45,F
Roseburg-OR,2023-11-12T07:00:00-08:00,Cloudy,45,F
Roseburg-OR,2023-11-12T08:00:00-08:00,Cloudy,44,F
Roseburg-OR,2023-11-12T09:00:00-08:00,Cloudy,46,F
Roseburg-OR,2023-11-12T10:00:00-08:00,Cloudy,48,F
Roseburg-OR,2023-11-12T11:00:00-08:00,Cloudy,54,F
Roseburg-OR,2023-11-12T12:00:00-08:00,Cloudy,55,F
Roseburg-OR,2023-11-12T13:00:00-08:00,Partlysunny,57,F
Roseburg-OR,2023-11-12T14:00:00-08:00,Partlysunny,58,F
Roseburg-OR,2023-11-12T15:00:00-08:00,Partlysunny,59,F
Roseburg-OR,2023-11-12T16:00:00-08:00,Partlysunny,58,F
Roseburg-OR,2023-11-12T17:00:00-08:00,Partlycloudy,56,F
Roseburg-OR,2023-11-12T18:00:00-08:00,Partlycloudy,54,F
Roseburg-OR,2023-11-12T19:00:00-08:00,Cloudy,53,F
Roseburg-OR,2023-11-12T20:00:00-08:00,Cloudy,53,F
Roseburg-OR,2023-11-12T21:00:00-08:00,Cloudy,53,F
Roseburg-OR,2023-11-12T22:00:00-08:00,Cloudy,53,F
Bakercity-OR,2023-11-10T23:00:00-08:00,Cloudy,35,F
Bakercity-OR,2023-11-11T00:00:00-08:00,Cloudy,34,F
Bakercity-OR,2023-11-11T01:00:00-08:00,Cloudy,34,F
Bakercity-OR,2023-11-11T02:00:00-08:00,Cloudy,33,F
Bakercity-OR,2023-11-11T03:00:00-08:00,Cloudy,33,F
Bakercity-OR,2023-11-11T04:00:00-08:00,Cloudy,32,F
Bakercity-OR,2023-11-11T05:00:00-08:00,Cloudy,32,F
Bakercity-OR,2023-11-11T06:00:00-08:00,Cloudy,33,F
Bakercity-OR,2023-11-11T07:00:00-08:00,Cloudy,34,F
Bakercity-OR,2023-11-11T08:00:00-08:00,Cloudy,36,F
Bakercity-OR,2023-11-11T09:00:00-08:00,Cloudy,40,F
Bakercity-OR,2023-11-11T10:00:00-08:00,Cloudy,43,F
Bakercity-OR,2023-11-11T11:00:00-08:00,Cloudy,49,F
Bakercity-OR,2023-11-11T12:00:00-08:00,Cloudy,51,F
Bakercity-OR,2023-11-11T13:00:00-08:00,Intermittentclouds,53,F
Bakercity-OR,2023-11-11T14:00:00-08:00,Intermittentclouds,52,F
Bakercity-OR,2023-11-11T15:00:00-08:00,Intermittentclouds,50,F
Bakercity-OR,2023-11-11T16:00:00-08:00,Intermittentclouds,48,F
Bakercity-OR,2023-11-11T17:00:00-08:00,Intermittentclouds,46,F
Bakercity-OR,2023-11-11T18:00:00-08:00,Intermittentclouds,43,F
Bakercity-OR,2023-11-11T19:00:00-08:00,Cloudy,42,F
Bakercity-OR,2023-11-11T20:00:00-08:00,Cloudy,40,F
Bakercity-OR,2023-11-11T21:00:00-08:00,Cloudy,39,F
Bakercity-OR,2023-11-11T22:00:00-08:00,Cloudy,38,F
Bakercity-OR,2023-11-11T22:00:00-08:00,Cloudy,36,F
Bakercity-OR,2023-11-11T23:00:00-08:00,Cloudy,35,F
Bakercity-OR,2023-11-12T00:00:00-08:00,Cloudy,35,F
Bakercity-OR,2023-11-12T01:00:00-08:00,Partlycloudy,34,F
Bakercity-OR,2023-11-12T02:00:00-08:00,Partlycloudy,34,F
Bakercity-OR,2023-11-12T03:00:00-08:00,Partlycloudy,34,F
Bakercity-OR,2023-11-12T04:00:00-08:00,Partlycloudy,33,F
Bakercity-OR,2023-11-12T05:00:00-08:00,Partlycloudy,33,F
Bakercity-OR,2023-11-12T06:00:00-08:00,Partlycloudy,32,F
Bakercity-OR,2023-11-12T07:00:00-08:00,Hazysunshine,34,F
Bakercity-OR,2023-11-12T08:00:00-08:00,Hazysunshine,38,F
Bakercity-OR,2023-11-12T09:00:00-08:00,Hazysunshine,42,F
Bakercity-OR,2023-11-12T11:00:00-08:00,Intermittentclouds,48,F
Bakercity-OR,2023-11-12T12:00:00-08:00,Intermittentclouds,50,F
Bakercity-OR,2023-11-12T13:00:00-08:00,Intermittentclouds,52,F
Bakercity-OR,2023-11-12T14:00:00-08:00,Intermittentclouds,53,F
Bakercity-OR,2023-11-12T15:00:00-08:00,Intermittentclouds,51,F
Bakercity-OR,2023-11-12T16:00:00-08:00,Intermittentclouds,48,F
Bakercity-OR,2023-11-12T17:00:00-08:00,Intermittentclouds,45,F
Bakercity-OR,2023-11-12T18:00:00-08:00,Intermittentclouds,43,F
Bakercity-OR,2023-11-12T19:00:00-08:00,Cloudy,42,F
Bakercity-OR,2023-11-12T20:00:00-08:00,Cloudy,40,F
Bakercity-OR,2023-11-12T21:00:00-08:00,Cloudy,39,F
Bakercity-OR,2023-11-12T22:00:00-08:00,Cloudy,39,F
salem-OR,2023-11-11T12:00:00+05:30,Mostlycloudy,86,F
salem-OR,2023-11-11T13:00:00+05:30,Cloudy,89,F
salem-OR,2023-11-11T14:00:00+05:30,Cloudy,90,F
salem-OR,2023-11-11T15:00:00+05:30,Cloudy,89,F
salem-OR,2023-11-11T16:00:00+05:30,Cloudy,88,F
salem-OR,2023-11-11T17:00:00+05:30,Cloudy,85,F
salem-OR,2023-11-11T18:00:00+05:30,Cloudy,82,F
salem-OR,2023-11-11T19:00:00+05:30,Cloudy,79,F
salem-OR,2023-11-11T20:00:00+05:30,Mostlycloudy,78,F
salem-OR,2023-11-11T21:00:00+05:30,Mostlycloudy,76,F
salem-OR,2023-11-11T22:00:00+05:30,Intermittentclouds,75,F
salem-OR,2023-11-11T23:00:00+05:30,Intermittentclouds,74,F
salem-OR,2023-11-12T00:00:00+05:30,Partlycloudy,73,F
salem-OR,2023-11-12T01:00:00+05:30,Intermittentclouds,73,F
salem-OR,2023-11-12T02:00:00+05:30,Mostlycloudy,72,F
salem-OR,2023-11-12T03:00:00+05:30,Cloudy,71,F
salem-OR,2023-11-12T04:00:00+05:30,Cloudy,70,F
salem-OR,2023-11-12T05:00:00+05:30,Cloudy,70,F
salem-OR,2023-11-12T06:00:00+05:30,Cloudy,68,F
salem-OR,2023-11-12T07:00:00+05:30,Cloudy,69,F
salem-OR,2023-11-12T08:00:00+05:30,Cloudy,72,F
salem-OR,2023-11-12T09:00:00+05:30,Cloudy,77,F
salem-OR,2023-11-12T10:00:00+05:30,Cloudy,80,F
salem-OR,2023-11-12T11:00:00+05:30,Mostlycloudy,83,F
salem-OR,2023-11-12T12:00:00+05:30,Intermittentclouds,86,F
salem-OR,2023-11-12T13:00:00+05:30,Mostlycloudy,88,F
salem-OR,2023-11-12T14:00:00+05:30,Cloudy,90,F
salem-OR,2023-11-12T15:00:00+05:30,Cloudy,89,F
salem-OR,2023-11-12T16:00:00+05:30,Cloudy,89,F
salem-OR,2023-11-12T17:00:00+05:30,Cloudy,86,F
salem-OR,2023-11-12T18:00:00+05:30,Cloudy,83,F
salem-OR,2023-11-12T19:00:00+05:30,Cloudy,80,F
salem-OR,2023-11-12T20:00:00+05:30,Cloudy,77,F
salem-OR,2023-11-12T21:00:00+05:30,Cloudy,76,F
salem-OR,2023-11-12T22:00:00+05:30,Cloudy,74,F
salem-OR,2023-11-12T23:00:00+05:30,Cloudy,73,F
salem-OR,2023-11-13T00:00:00+05:30,Cloudy,75,F
salem-OR,2023-11-13T01:00:00+05:30,Cloudy,74,F
salem-OR,2023-11-13T02:00:00+05:30,Mostlycloudy,72,F
salem-OR,2023-11-13T03:00:00+05:30,Mostlycloudy,71,F
salem-OR,2023-11-13T04:00:00+05:30,Mostlycloudy,70,F
salem-OR,2023-11-13T05:00:00+05:30,Cloudy,69,F
salem-OR,2023-11-13T06:00:00+05:30,Cloudy,68,F
salem-OR,2023-11-13T07:00:00+05:30,Cloudy,70,F
salem-OR,2023-11-13T08:00:00+05:30,Cloudy,73,F
salem-OR,2023-11-13T09:00:00+05:30,Cloudy,76,F
salem-OR,2023-11-13T10:00:00+05:30,Mostlycloudy,79,F
salem-OR,2023-11-13T11:00:00+05:30,Mostlycloudy,82,F
Ketchum-ID,2023-11-11T00:00:00-07:00,Intermittent clouds,46,F
Ketchum-ID,2023-11-11T01:00:00-07:00,Partly cloudy,51,F
Ketchum-ID,2023-11-11T02:00:00-07:00,Partly cloudy,46,F
Ketchum-ID,2023-11-11T03:00:00-07:00,Partly cloudy,42,F
Ketchum-ID,2023-11-11T04:00:00-07:00,Partly cloudy,38,F
Ketchum-ID,2023-11-11T05:00:00-07:00,Partly cloudy,35,F
Ketchum-ID,2023-11-11T06:00:00-07:00,Partly cloudy,35,F
Ketchum-ID,2023-11-11T07:00:00-07:00,Intermittent clouds,34,F
Ketchum-ID,2023-11-11T08:00:00-07:00,Intermittent clouds,33,F
Ketchum-ID,2023-11-11T09:00:00-07:00,Intermittent clouds,33,F
Ketchum-ID,2023-11-11T10:00:00-07:00,Intermittent clouds,33,F
Ketchum-ID,2023-11-11T11:00:00-07:00,Intermittent clouds,33,F
Ketchum-ID,2023-11-11T12:00:00-07:00,Intermittent clouds,33,F
Ketchum-ID,2023-11-11T13:00:00-07:00,Partly cloudy,51,F
Ketchum-ID,2023-11-11T14:00:00-07:00,Partly cloudy,46,F
Ketchum-ID,2023-11-11T15:00:00-07:00,Partly cloudy,42,F
Ketchum-ID,2023-11-11T16:00:00-07:00,Partly cloudy,38,F
Ketchum-ID,2023-11-11T17:00:00-07:00,Partly cloudy,35,F
Ketchum-ID,2023-11-11T18:00:00-07:00,Partly cloudy,35,F
Ketchum-ID,2023-11-11T19:00:00-07:00,Intermittent clouds,34,F
Ketchum-ID,2023-11-11T20:00:00-07:00,Intermittent clouds,33,F
Ketchum-ID,2023-11-11T21:00:00-07:00,Intermittent clouds,33,F
Ketchum-ID,2023-11-11T22:00:00-07:00,Intermittent clouds,33,F
Ketchum-ID,2023-11-11T23:00:00-07:00,Intermittent clouds,33,F
Ketchum-ID,2023-11-12T00:00:00-07:00,Intermittent clouds,33,F
Ketchum-ID,2023-11-12T01:00:00-07:00,Partly cloudy,51,F
Ketchum-ID,2023-11-12T02:00:00-07:00,Partly cloudy,46,F
Ketchum-ID,2023-11-12T03:00:00-07:00,Partly cloudy,42,F
Ketchum-ID,2023-11-12T04:00:00-07:00,Partly cloudy,38,F
Ketchum-ID,2023-11-12T05:00:00-07:00,Partly cloudy,35,F
Ketchum-ID,2023-11-12T06:00:00-07:00,Partly cloudy,35,F
Ketchum-ID,2023-11-12T07:00:00-07:00,Intermittent clouds,34,F
Ketchum-ID,2023-11-12T08:00:00-07:00,Intermittent clouds,33,F
Ketchum-ID,2023-11-12T09:00:00-07:00,Intermittent clouds,33,F
Ketchum-ID,2023-11-12T10:00:00-07:00,Intermittent clouds,33,F
Ketchum-ID,2023-11-12T11:00:00-07:00,Intermittent clouds,33,F
Ketchum-ID,2023-11-12T12:00:00-07:00,Intermittent clouds,33,F
Ketchum-ID,2023-11-12T13:00:00-07:00,Partly cloudy,51,F
Ketchum-ID,2023-11-12T14:00:00-07:00,Partly cloudy,46,F
Ketchum-ID,2023-11-12T15:00:00-07:00,Partly cloudy,42,F
Ketchum-ID,2023-11-12T16:00:00-07:00,Partly cloudy,38,F
Ketchum-ID,2023-11-12T17:00:00-07:00,Partly cloudy,35,F
Ketchum-ID,2023-11-12T18:00:00-07:00,Partly cloudy,35,F
Ketchum-ID,2023-11-12T19:00:00-07:00,Intermittent clouds,34,F
Ketchum-ID,2023-11-12T20:00:00-07:00,Intermittent clouds,33,F
Ketchum-ID,2023-11-12T21:00:00-07:00,Intermittent clouds,33,F
Ketchum-ID,2023-11-12T22:00:00-07:00,Intermittent clouds,33,F
Ketchum-ID,2023-11-12T23:00:00-07:00,Intermittent clouds,33,F
Chilly-ID,2023-11-11T00:00:00-07:00,Partly cloudy,47,F
Chilly-ID,2023-11-11T01:00:00-07:00,Partly cloudy,43,F
Chilly-ID,2023-11-11T02:00:00-07:00,Partly cloudy,42,F
Chilly-ID,2023-11-11T03:00:00-07:00,Partly cloudy,40,F
Chilly-ID,2023-11-11T04:00:00-07:00,Partly cloudy,39,F
Chilly-ID,2023-11-11T05:00:00-07:00,Partly cloudy,37,F
Chilly-ID,2023-11-11T06:00:00-07:00,Partly cloudy,38,F
Chilly-ID,2023-11-11T07:00:00-07:00,Partly cloudy,38,F
Chilly-ID,2023-11-11T08:00:00-07:00,Intermittent clouds,38,F
Chilly-ID,2023-11-11T09:00:00-07:00,Intermittent clouds,38,F
Chilly-ID,2023-11-11T10:00:00-07:00,Intermittent clouds,38,F
Chilly-ID,2023-11-11T11:00:00-07:00,Intermittent clouds,38,F
Chilly-ID,2023-11-11T12:00:00-07:00,Partly cloudy,47,F
Chilly-ID,2023-11-11T13:00:00-07:00,Partly cloudy,43,F
Chilly-ID,2023-11-11T14:00:00-07:00,Partly cloudy,42,F
Chilly-ID,2023-11-11T15:00:00-07:00,Partly cloudy,40,F
Chilly-ID,2023-11-11T16:00:00-07:00,Partly cloudy,39,F
Chilly-ID,2023-11-11T17:00:00-07:00,Partly cloudy,37,F
Chilly-ID,2023-11-11T18:00:00-07:00,Partly cloudy,38,F
Chilly-ID,2023-11-11T19:00:00-07:00,Partly cloudy,38,F
Chilly-ID,2023-11-11T20:00:00-07:00,Intermittent clouds,38,F
Chilly-ID,2023-11-11T21:00:00-07:00,Intermittent clouds,38,F
Chilly-ID,2023-11-11T22:00:00-07:00,Intermittent clouds,38,F
Chilly-ID,2023-11-11T23:00:00-07:00,Intermittent clouds,38,F
Chilly-ID,2023-11-12T00:00:00-07:00,Partly cloudy,47,F
Chilly-ID,2023-11-12T01:00:00-07:00,Partly cloudy,43,F
Chilly-ID,2023-11-12T02:00:00-07:00,Partly cloudy,42,F
Chilly-ID,2023-11-12T03:00:00-07:00,Partly cloudy,40,F
Chilly-ID,2023-11-12T04:00:00-07:00,Partly cloudy,39,F
Chilly-ID,2023-11-12T05:00:00-07:00,Partly cloudy,37,F
Chilly-ID,2023-11-12T06:00:00-07:00,Partly cloudy,38,F
Chilly-ID,2023-11-12T07:00:00-07:00,Partly cloudy,38,F
Chilly-ID,2023-11-12T08:00:00-07:00,Intermittent clouds,38,F
Chilly-ID,2023-11-12T09:00:00-07:00,Intermittent clouds,38,F
Chilly-ID,2023-11-12T10:00:00-07:00,Intermittent clouds,38,F
Chilly-ID,2023-11-12T11:00:00-07:00,Intermittent clouds,38,F
Chilly-ID,2023-11-12T12:00:00-07:00,Partly cloudy,47,F
Chilly-ID,2023-11-12T13:00:00-07:00,Partly cloudy,43,F
Chilly-ID,2023-11-12T14:00:00-07:00,Partly cloudy,42,F
Chilly-ID,2023-11-12T15:00:00-07:00,Partly cloudy,40,F
Chilly-ID,2023-11-12T16:00:00-07:00,Partly cloudy,39,F
Chilly-ID,2023-11-12T17:00:00-07:00,Partly cloudy,37,F
Chilly-ID,2023-11-12T18:00:00-07:00,Partly cloudy,38,F
Chilly-ID,2023-11-12T19:00:00-07:00,Partly cloudy,38,F
Chilly-ID,2023-11-12T20:00:00-07:00,Intermittent clouds,38,F
Chilly-ID,2023-11-12T21:00:00-07:00,Intermittent clouds,38,F
Chilly-ID,2023-11-12T22:00:00-07:00,Intermittent clouds,38,F
Chilly-ID,2023-11-12T23:00:00-07:00,Intermittent clouds,38,F
May-ID,2023-11-11T00:00:00-07:00,Intermittent clouds,51,F
May-ID,2023-11-11T01:00:00-07:00,Partly cloudy,46,F
May-ID,2023-11-11T02:00:00-07:00,Partly cloudy,42,F
May-ID,2023-11-11T03:00:00-07:00,Partly cloudy,39,F
May-ID,2023-11-11T04:00:00-07:00,Partly cloudy,38,F
May-ID,2023-11-11T05:00:00-07:00,Partly cloudy,36,F
May-ID,2023-11-11T06:00:00-07:00,Partly cloudy,35,F
May-ID,2023-11-11T07:00:00-07:00,Partly cloudy,35,F
May-ID,2023-11-11T08:00:00-07:00,Partly cloudy,34,F
May-ID,2023-11-11T09:00:00-07:00,Partly cloudy,33,F
May-ID,2023-11-11T10:00:00-07:00,Partly cloudy,32,F
May-ID,2023-11-11T11:00:00-07:00,Intermittent clouds,32,F
May-ID,2023-11-11T12:00:00-07:00,Intermittent clouds,51,F
May-ID,2023-11-11T13:00:00-07:00,Partly cloudy,46,F
May-ID,2023-11-11T14:00:00-07:00,Partly cloudy,42,F
May-ID,2023-11-11T15:00:00-07:00,Partly cloudy,39,F
May-ID,2023-11-11T16:00:00-07:00,Partly cloudy,38,F
May-ID,2023-11-11T17:00:00-07:00,Partly cloudy,36,F
May-ID,2023-11-11T18:00:00-07:00,Partly cloudy,35,F
May-ID,2023-11-11T19:00:00-07:00,Partly cloudy,35,F
May-ID,2023-11-11T20:00:00-07:00,Partly cloudy,34,F
May-ID,2023-11-11T21:00:00-07:00,Partly cloudy,33,F
May-ID,2023-11-11T22:00:00-07:00,Partly cloudy,32,F
May-ID,2023-11-11T23:00:00-07:00,Intermittent clouds,32,F
May-ID,2023-11-12T00:00:00-07:00,Intermittent clouds,51,F
May-ID,2023-11-12T01:00:00-07:00,Partly cloudy,46,F
May-ID,2023-11-12T02:00:00-07:00,Partly cloudy,42,F
May-ID,2023-11-12T03:00:00-07:00,Partly cloudy,39,F
May-ID,2023-11-12T04:00:00-07:00,Partly cloudy,38,F
May-ID,2023-11-12T05:00:00-07:00,Partly cloudy,36,F
May-ID,2023-11-12T06:00:00-07:00,Partly cloudy,35,F
May-ID,2023-11-12T07:00:00-07:00,Partly cloudy,35,F
May-ID,2023-11-12T08:00:00-07:00,Partly cloudy,34,F
May-ID,2023-11-12T09:00:00-07:00,Partly cloudy,33,F
May-ID,2023-11-12T10:00:00-07:00,Partly cloudy,32,F
May-ID,2023-11-12T11:00:00-07:00,Intermittent clouds,32,F
May-ID,2023-11-12T12:00:00-07:00,Intermittent clouds,51,F
May-ID,2023-11-12T13:00:00-07:00,Partly cloudy,46,F
May-ID,2023-11-12T14:00:00-07:00,Partly cloudy,42,F
May-ID,2023-11-12T15:00:00-07:00,Partly cloudy,32,F
May-ID,2023-11-12T16:00:00-07:00,Partly cloudy,38,F
May-ID,2023-11-12T17:00:00-07:00,Partly cloudy,36,F
May-ID,2023-11-12T18:00:00-07:00,Partly cloudy,35,F
May-ID,2023-11-12T19:00:00-07:00,Partly cloudy,35,F
May-ID,2023-11-12T20:00:00-07:00,Partly cloudy,34,F
May-ID,2023-11-12T21:00:00-07:00,Partly cloudy,33,F
May-ID,2023-11-12T22:00:00-07:00,Partly cloudy,32,F
May-ID,2023-11-12T23:00:00-07:00,Intermittent clouds,32,F
Donnelly-ID,2023-11-11T00:00:00-07:00,Mostly cloudy,49,F
Donnelly-ID,2023-11-11T01:00:00-07:00,Mostly clear,45,F
Donnelly-ID,2023-11-11T02:00:00-07:00,Mostly clear,40,F
Donnelly-ID,2023-11-11T03:00:00-07:00,Mostly clear,39,F
Donnelly-ID,2023-11-11T04:00:00-07:00,Mostly clear,38,F
Donnelly-ID,2023-11-11T05:00:00-07:00,Mostly clear,36,F
Donnelly-ID,2023-11-11T06:00:00-07:00,Mostly clear,36,F
Donnelly-ID,2023-11-11T07:00:00-07:00,Intermittent clouds,36,F
Donnelly-ID,2023-11-11T08:00:00-07:00,Intermittent clouds,36,F
Donnelly-ID,2023-11-11T09:00:00-07:00,Intermittent clouds,35,F
Donnelly-ID,2023-11-11T10:00:00-07:00,Intermittent clouds,34,F
Donnelly-ID,2023-11-11T11:00:00-07:00,Intermittent clouds,32,F
Donnelly-ID,2023-11-11T12:00:00-07:00,Mostly cloudy,49,F
Donnelly-ID,2023-11-11T13:00:00-07:00,Mostly clear,45,F
Donnelly-ID,2023-11-11T14:00:00-07:00,Mostly clear,40,F
Donnelly-ID,2023-11-11T15:00:00-07:00,Mostly clear,39,F
Donnelly-ID,2023-11-11T16:00:00-07:00,Mostly clear,38,F
Donnelly-ID,2023-11-11T17:00:00-07:00,Mostly clear,36,F
Donnelly-ID,2023-11-11T18:00:00-07:00,Mostly clear,36,F
Donnelly-ID,2023-11-11T19:00:00-07:00,Intermittent clouds,36,F
Donnelly-ID,2023-11-11T20:00:00-07:00,Intermittent clouds,36,F
Donnelly-ID,2023-11-11T21:00:00-07:00,Intermittent clouds,35,F
Donnelly-ID,2023-11-11T22:00:00-07:00,Intermittent clouds,34,F
Donnelly-ID,2023-11-11T23:00:00-07:00,Intermittent clouds,32,F
Donnelly-ID,2023-11-12T00:00:00-07:00,Mostly cloudy,49,F
Donnelly-ID,2023-11-12T01:00:00-07:00,Mostly clear,45,F
Donnelly-ID,2023-11-12T02:00:00-07:00,Mostly clear,40,F
Donnelly-ID,2023-11-12T03:00:00-07:00,Mostly clear,39,F
Donnelly-ID,2023-11-12T04:00:00-07:00,Mostly clear,38,F
Donnelly-ID,2023-11-12T05:00:00-07:00,Mostly clear,36,F
Donnelly-ID,2023-11-12T06:00:00-07:00,Mostly clear,36,F
Donnelly-ID,2023-11-12T07:00:00-07:00,Intermittent clouds,36,F
Donnelly-ID,2023-11-12T08:00:00-07:00,Intermittent clouds,36,F
Donnelly-ID,2023-11-12T09:00:00-07:00,Intermittent clouds,35,F
Donnelly-ID,2023-11-12T10:00:00-07:00,Intermittent clouds,34,F
Donnelly-ID,2023-11-12T11:00:00-07:00,Intermittent clouds,32,F
Donnelly-ID,2023-11-12T12:00:00-07:00,Mostly cloudy,49,F
Donnelly-ID,2023-11-12T13:00:00-07:00,Mostly clear,45,F
Donnelly-ID,2023-11-12T14:00:00-07:00,Mostly clear,40,F
Donnelly-ID,2023-11-12T15:00:00-07:00,Mostly clear,39,F
Donnelly-ID,2023-11-12T16:00:00-07:00,Mostly clear,38,F
Donnelly-ID,2023-11-12T17:00:00-07:00,Mostly clear,36,F
Donnelly-ID,2023-11-12T18:00:00-07:00,Mostly clear,36,F
Donnelly-ID,2023-11-12T19:00:00-07:00,Intermittent clouds,36,F
Donnelly-ID,2023-11-12T20:00:00-07:00,Intermittent clouds,36,F
Donnelly-ID,2023-11-12T21:00:00-07:00,Intermittent clouds,35,F
Donnelly-ID,2023-11-12T22:00:00-07:00,Intermittent clouds,34,F
Donnelly-ID,2023-11-12T23:00:00-07:00,Intermittent clouds,32,F
Buhl-ID,2023-11-11T00:00:00-07:00,Intermittent clouds,56,F
Buhl-ID,2023-11-11T01:00:00-07:00,Cloudy,52,F
Buhl-ID,2023-11-11T02:00:00-07:00,Cloudy,49,F
Buhl-ID,2023-11-11T03:00:00-07:00,Cloudy,47,F
Buhl-ID,2023-11-11T04:00:00-07:00,Cloudy,45,F
Buhl-ID,2023-11-11T05:00:00-07:00,Cloudy,44,F
Buhl-ID,2023-11-11T06:00:00-07:00,Cloudy,45,F
Buhl-ID,2023-11-11T07:00:00-07:00,Cloudy,45,F
Buhl-ID,2023-11-11T08:00:00-07:00,Cloudy,46,F
Buhl-ID,2023-11-11T09:00:00-07:00,Cloudy,46,F
Buhl-ID,2023-11-11T10:00:00-07:00,Cloudy,46,F
Buhl-ID,2023-11-11T11:00:00-07:00,Cloudy,46,F
Buhl-ID,2023-11-11T12:00:00-07:00,Intermittent clouds,56,F
Buhl-ID,2023-11-11T13:00:00-07:00,Cloudy,52,F
Buhl-ID,2023-11-11T14:00:00-07:00,Cloudy,49,F
Buhl-ID,2023-11-11T15:00:00-07:00,Cloudy,47,F
Buhl-ID,2023-11-11T16:00:00-07:00,Cloudy,45,F
Buhl-ID,2023-11-11T17:00:00-07:00,Cloudy,44,F
Buhl-ID,2023-11-11T18:00:00-07:00,Cloudy,45,F
Buhl-ID,2023-11-11T19:00:00-07:00,Cloudy,45,F
Buhl-ID,2023-11-11T20:00:00-07:00,Cloudy,46,F
Buhl-ID,2023-11-11T21:00:00-07:00,Cloudy,46,F
Buhl-ID,2023-11-11T22:00:00-07:00,Cloudy,46,F
Buhl-ID,2023-11-11T23:00:00-07:00,Cloudy,46,F
Buhl-ID,2023-11-12T00:00:00-07:00,Intermittent clouds,56,F
Buhl-ID,2023-11-12T01:00:00-07:00,Cloudy,52,F
Buhl-ID,2023-11-12T02:00:00-07:00,Cloudy,49,F
Buhl-ID,2023-11-12T03:00:00-07:00,Cloudy,47,F
Buhl-ID,2023-11-12T04:00:00-07:00,Cloudy,45,F
Buhl-ID,2023-11-12T05:00:00-07:00,Cloudy,44,F
Buhl-ID,2023-11-12T06:00:00-07:00,Cloudy,45,F
Buhl-ID,2023-11-12T07:00:00-07:00,Cloudy,45,F
Buhl-ID,2023-11-12T08:00:00-07:00,Cloudy,46,F
Buhl-ID,2023-11-12T09:00:00-07:00,Cloudy,46,F
Buhl-ID,2023-11-12T10:00:00-07:00,Cloudy,46,F
Buhl-ID,2023-11-12T11:00:00-07:00,Cloudy,46,F
Buhl-ID,2023-11-12T12:00:00-07:00,Intermittent clouds,56,F
Buhl-ID,2023-11-12T13:00:00-07:00,Cloudy,52,F
Buhl-ID,2023-11-12T14:00:00-07:00,Cloudy,49,F
Buhl-ID,2023-11-12T15:00:00-07:00,Cloudy,47,F
Buhl-ID,2023-11-12T16:00:00-07:00,Cloudy,45,F
Buhl-ID,2023-11-12T17:00:00-07:00,Cloudy,44,F
Buhl-ID,2023-11-12T18:00:00-07:00,Cloudy,45,F
Buhl-ID,2023-11-12T19:00:00-07:00,Cloudy,45,F
Buhl-ID,2023-11-12T20:00:00-07:00,Cloudy,46,F
Buhl-ID,2023-11-12T21:00:00-07:00,Cloudy,46,F
Buhl-ID,2023-11-12T22:00:00-07:00,Cloudy,46,F
Buhl-ID,2023-11-12T23:00:00-07:00,Cloudy,46,F
Kamaih-ID,2023-11-11T00:00:00-07:00,Showers,46,F
Kamaih-ID,2023-11-11T01:00:00-07:00,Cloudy,47,F
Kamaih-ID,2023-11-11T02:00:00-07:00,Rain,48,F
Kamaih-ID,2023-11-11T03:00:00-07:00,Rain,48,F
Kamaih-ID,2023-11-11T04:00:00-07:00,Cloudy,48,F
Kamaih-ID,2023-11-11T05:00:00-07:00,Cloudy,47,F
Kamaih-ID,2023-11-11T06:00:00-07:00,Cloudy,46,F
Kamaih-ID,2023-11-11T07:00:00-07:00,Cloudy,45,F
Kamaih-ID,2023-11-11T08:00:00-07:00,Mostly cloudy,45,F
Kamaih-ID,2023-11-11T09:00:00-07:00,Intermittent clouds,44,F
Kamaih-ID,2023-11-11T10:00:00-07:00,Intermittent clouds,43,F
Kamaih-ID,2023-11-11T11:00:00-07:00,Intermittent clouds,43,F
Kamaih-ID,2023-11-11T12:00:00-07:00,Showers,46,F
Kamaih-ID,2023-11-11T13:00:00-07:00,Cloudy,47,F
Kamaih-ID,2023-11-11T14:00:00-07:00,Rain,48,F
Kamaih-ID,2023-11-11T15:00:00-07:00,Rain,48,F
Kamaih-ID,2023-11-11T16:00:00-07:00,Cloudy,48,F
Kamaih-ID,2023-11-11T17:00:00-07:00,Cloudy,47,F
Kamaih-ID,2023-11-11T18:00:00-07:00,Cloudy,46,F
Kamaih-ID,2023-11-11T19:00:00-07:00,Cloudy,45,F
Kamaih-ID,2023-11-11T20:00:00-07:00,Mostly cloudy,45,F
Kamaih-ID,2023-11-11T21:00:00-07:00,Intermittent clouds,44,F
Kamaih-ID,2023-11-11T22:00:00-07:00,Intermittent clouds,43,F
Kamaih-ID,2023-11-11T23:00:00-07:00,Intermittent clouds,43,F
Kamaih-ID,2023-11-12T00:00:00-07:00,Showers,46,F
Kamaih-ID,2023-11-12T01:00:00-07:00,Cloudy,47,F
Kamaih-ID,2023-11-12T02:00:00-07:00,Rain,48,F
Kamaih-ID,2023-11-12T03:00:00-07:00,Rain,48,F
Kamaih-ID,2023-11-12T04:00:00-07:00,Cloudy,48,F
Kamaih-ID,2023-11-12T05:00:00-07:00,Cloudy,47,F
Kamaih-ID,2023-11-12T06:00:00-07:00,Cloudy,46,F
Kamaih-ID,2023-11-12T07:00:00-07:00,Cloudy,45,F
Kamaih-ID,2023-11-12T08:00:00-07:00,Mostly cloudy,45,F
Kamaih-ID,2023-11-12T09:00:00-07:00,Intermittent clouds,44,F
Kamaih-ID,2023-11-12T10:00:00-07:00,Intermittent clouds,43,F
Kamaih-ID,2023-11-12T11:00:00-07:00,Intermittent clouds,43,F
Kamaih-ID,2023-11-12T12:00:00-07:00,Showers,46,F
Kamaih-ID,2023-11-12T13:00:00-07:00,Cloudy,47,F
Kamaih-ID,2023-11-12T14:00:00-07:00,Rain,48,F
Kamaih-ID,2023-11-12T15:00:00-07:00,Rain,48,F
Kamaih-ID,2023-11-12T16:00:00-07:00,Cloudy,48,F
Kamaih-ID,2023-11-12T17:00:00-07:00,Cloudy,47,F
Kamaih-ID,2023-11-12T18:00:00-07:00,Cloudy,46,F
Kamaih-ID,2023-11-12T19:00:00-07:00,Cloudy,45,F
Kamaih-ID,2023-11-12T20:00:00-07:00,Mostly cloudy,45,F
Kamaih-ID,2023-11-12T21:00:00-07:00,Intermittent clouds,44,F
Kamaih-ID,2023-11-12T22:00:00-07:00,Intermittent clouds,43,F
Kamaih-ID,2023-11-12T23:00:00-07:00,Intermittent clouds,43,F
Butte-MT,2023-11-11T00:00:00-07:00,Cloudy,45,F
Butte-MT,2023-11-11T01:00:00-07:00,Cloudy,43,F
Butte-MT,2023-11-11T02:00:00-07:00,Cloudy,43,F
Butte-MT,2023-11-11T03:00:00-07:00,Cloudy,43,F
Butte-MT,2023-11-11T04:00:00-07:00,Cloudy,44,F
Butte-MT,2023-11-11T05:00:00-07:00,Cloudy,43,F
Butte-MT,2023-11-11T06:00:00-07:00,Cloudy,42,F
Butte-MT,2023-11-11T07:00:00-07:00,Cloudy,42,F
Butte-MT,2023-11-11T08:00:00-07:00,Cloudy,41,F
Butte-MT,2023-11-11T09:00:00-07:00,Cloudy,40,F
Butte-MT,2023-11-11T10:00:00-07:00,Rain,39,F
Butte-MT,2023-11-11T11:00:00-07:00,Cloudy,38,F
Butte-MT,2023-11-11T12:00:00-07:00,Cloudy,45,F
Butte-MT,2023-11-11T13:00:00-07:00,Cloudy,43,F
Butte-MT,2023-11-11T14:00:00-07:00,Cloudy,43,F
Butte-MT,2023-11-11T15:00:00-07:00,Cloudy,43,F
Butte-MT,2023-11-11T16:00:00-07:00,Cloudy,44,F
Butte-MT,2023-11-11T17:00:00-07:00,Cloudy,43,F
Butte-MT,2023-11-11T18:00:00-07:00,Cloudy,42,F
Butte-MT,2023-11-11T19:00:00-07:00,Cloudy,42,F
Butte-MT,2023-11-11T20:00:00-07:00,Cloudy,41,F
Butte-MT,2023-11-11T21:00:00-07:00,Cloudy,40,F
Butte-MT,2023-11-11T22:00:00-07:00,Rain and snow,39,F
Butte-MT,2023-11-11T23:00:00-07:00,Cloudy,38,F
Butte-MT,2023-11-12T00:00:00-07:00,Cloudy,51,F
Butte-MT,2023-11-12T01:00:00-07:00,Cloudy,46,F
Butte-MT,2023-11-12T02:00:00-07:00,Cloudy,42,F
Butte-MT,2023-11-12T03:00:00-07:00,Cloudy,39,F
Butte-MT,2023-11-12T04:00:00-07:00,Cloudy,38,F
Butte-MT,2023-11-12T05:00:00-07:00,Cloudy,36,F
Butte-MT,2023-11-12T06:00:00-07:00,Cloudy,35,F
Butte-MT,2023-11-12T07:00:00-07:00,Cloudy,35,F
Butte-MT,2023-11-12T08:00:00-07:00,Cloudy,34,F
Butte-MT,2023-11-12T09:00:00-07:00,Cloudy,33,F
Butte-MT,2023-11-12T10:00:00-07:00,Rain,32,F
Butte-MT,2023-11-12T11:00:00-07:00,Cloudy,32,F
Butte-MT,2023-11-12T12:00:00-07:00,Cloudy,45,F
Butte-MT,2023-11-12T13:00:00-07:00,Cloudy,43,F
Butte-MT,2023-11-12T14:00:00-07:00,Cloudy,43,F
Butte-MT,2023-11-12T15:00:00-07:00,Cloudy,43,F
Butte-MT,2023-11-12T16:00:00-07:00,Cloudy,44,F
Butte-MT,2023-11-12T17:00:00-07:00,Cloudy,43,F
Butte-MT,2023-11-12T18:00:00-07:00,Cloudy,42,F
Butte-MT,2023-11-12T19:00:00-07:00,Cloudy,42,F
Butte-MT,2023-11-12T20:00:00-07:00,Cloudy,41,F
Butte-MT,2023-11-12T21:00:00-07:00,Cloudy,40,F
Butte-MT,2023-11-12T22:00:00-07:00,Rain,39,F
Butte-MT,2023-11-12T23:00:00-07:00,Cloudy,38,F
